,house_area,quality,year_built,year_remodel_add,garage_year_build,number_of_bathrooms,basement_area,has_Fireplaces_or_not,TotRmsAbvGrd,grade_living_area,garage_area,garage_capacite,SalePrice
0,8450,7,2003,2003,2003.0,2,856,0,8,1710,548,2,208500
1,9600,6,1976,1976,1976.0,2,1262,1,6,1262,460,2,181500
2,11250,7,2001,2002,2001.0,2,920,1,6,1786,608,2,223500
3,9550,7,1915,1970,1998.0,1,756,1,7,1717,642,3,140000
4,14260,8,2000,2000,2000.0,2,1145,1,9,2198,836,3,250000
5,14115,5,1993,1995,1993.0,1,796,0,5,1362,480,2,143000
6,10084,8,2004,2005,2004.0,2,1686,1,7,1694,636,2,307000
7,10382,7,1973,1973,1973.0,2,1107,2,7,2090,484,2,200000
8,6120,7,1931,1950,1931.0,2,952,2,8,1774,468,2,129900
9,7420,5,1939,1950,1939.0,1,991,2,5,1077,205,1,118000
10,11200,5,1965,1965,1965.0,1,1040,0,5,1040,384,1,129500
11,11924,9,2005,2006,2005.0,3,1175,2,11,2324,736,3,345000
12,12968,5,1962,1962,1962.0,1,912,0,4,912,352,1,144000
13,10652,7,2006,2007,2006.0,2,1494,1,7,1494,840,3,279500
14,10920,6,1960,1960,1960.0,1,1253,1,5,1253,352,1,157000
15,6120,7,1929,2001,1991.0,1,832,0,5,854,576,2,132000
16,11241,6,1970,1970,1970.0,1,1004,1,5,1004,480,2,149000
18,13695,5,2004,2004,2004.0,1,1114,0,6,1114,576,2,159000
19,7560,5,1958,1965,1958.0,1,1029,0,6,1339,294,1,139000
20,14215,8,2005,2006,2005.0,3,1158,1,9,2376,853,3,325300
21,7449,7,1930,1950,1930.0,1,637,1,6,1108,280,1,139400
22,9742,8,2002,2002,2002.0,2,1777,1,7,1795,534,2,230000
23,4224,5,1976,1976,1976.0,1,1040,1,6,1060,572,2,129900
24,8246,5,1968,2001,1968.0,1,1060,1,6,1060,270,1,154000
25,14230,8,2007,2007,2007.0,2,1566,1,7,1600,890,3,256300
26,7200,5,1951,2000,2005.0,1,900,0,5,900,576,2,134800
27,11478,8,2007,2008,2008.0,2,1704,1,7,1704,772,3,306000
28,16321,5,1957,1997,1957.0,1,1484,2,6,1600,319,1,207500
31,8544,5,1966,2006,1966.0,1,1228,0,6,1228,271,1,149350
32,11049,8,2007,2007,2007.0,2,1234,0,7,1234,484,2,179900
33,10552,5,1959,1959,1959.0,1,1398,1,6,1700,447,2,165500
34,7313,9,2005,2005,2005.0,2,1561,1,6,1561,556,2,277500
35,13418,8,2004,2005,2004.0,3,1117,1,9,2452,691,3,309000
36,10859,5,1994,1995,1995.0,1,1097,0,6,1097,672,2,145000
37,8532,5,1954,1990,1954.0,1,1297,1,5,1297,498,2,153000
38,7922,5,1953,2007,1953.0,1,1057,0,5,1057,246,1,109000
40,8658,6,1965,1965,1965.0,2,1088,1,6,1324,440,2,160000
41,16905,5,1959,1959,1959.0,1,1350,2,5,1328,308,1,170000
42,9180,5,1983,1983,1983.0,1,840,0,5,884,504,2,144000
43,9200,5,1975,1980,1977.0,1,938,0,5,938,308,1,130250
44,7945,5,1959,1959,1959.0,1,1150,0,6,1150,300,1,141000
45,7658,9,2005,2005,2005.0,2,1752,1,6,1752,576,2,319900
46,12822,7,2003,2003,2003.0,1,1434,1,6,2149,670,2,239686
47,11096,8,2006,2006,2006.0,2,1656,0,7,1656,826,3,249700
48,4456,4,1920,2008,1978.5061638868744,2,736,0,8,1452,0,0,113000
49,7742,5,1966,1966,1966.0,1,955,0,6,955,386,1,127000
50,13869,6,1997,1997,1997.0,2,794,0,6,1470,388,2,177000
51,6240,6,1934,1950,1985.0,1,816,1,6,1176,528,2,114500
52,8472,5,1963,1963,1963.0,1,816,0,5,816,516,2,110000
53,50271,9,1981,1987,1981.0,0,1842,1,5,1842,894,3,385000
54,7134,5,1955,1955,1962.0,1,384,1,6,1360,572,2,130000
55,10175,6,1964,1964,1964.0,2,1425,1,7,1425,576,2,180500
56,2645,8,1999,2000,1999.0,2,970,0,7,1739,480,2,172500
57,11645,7,2004,2004,2004.0,2,860,0,7,1720,565,2,196500
59,7200,5,1972,1972,1973.0,1,780,0,4,780,352,1,124900
60,13072,6,2004,2004,2006.0,1,1158,0,5,1158,576,2,158000
61,7200,5,1920,1996,1935.0,1,530,0,6,1111,288,1,101000
62,6442,8,2006,2006,2006.0,2,1370,1,6,1370,484,2,202500
63,10300,7,1921,1950,1990.0,2,576,0,9,1710,480,2,140000
64,9375,7,1997,1998,1998.0,2,1057,0,8,2034,645,2,219500
65,9591,8,2004,2005,2004.0,2,1143,1,9,2473,852,3,317000
66,19900,7,1970,1989,1970.0,2,1947,1,7,2207,576,2,180000
67,10665,7,2003,2003,2003.0,2,1453,0,7,1479,558,2,226000
68,4608,4,1945,1950,1945.0,1,747,0,4,747,220,1,80000
69,15593,7,1953,1953,1953.0,2,1304,1,7,2287,667,2,225000
71,7599,4,1982,2006,1987.0,1,845,0,4,845,360,2,129500
72,10141,7,1998,1998,1998.0,2,832,1,7,1718,427,2,185000
73,10200,5,1954,2003,1989.0,1,1086,0,6,1086,490,2,144900
74,5790,3,1915,1950,1915.0,2,840,0,8,1605,379,1,107400
75,1596,4,1973,1973,1973.0,1,462,0,5,988,297,1,91000
76,8475,4,1956,1956,1956.0,1,952,0,4,952,283,1,135750
77,8635,5,1948,2001,1948.0,1,672,0,6,1285,240,1,127000
78,10778,4,1968,1968,1978.5061638868744,2,1768,0,8,1768,0,0,136500
79,10440,5,1910,1981,1966.0,1,440,0,5,1230,440,2,110000
80,13000,6,1968,1968,1968.0,2,896,1,8,2142,509,1,193500
81,4500,6,1998,1998,1998.0,2,1237,0,5,1337,405,2,153500
82,10206,8,2007,2007,2007.0,2,1563,1,6,1563,758,3,245000
83,8892,5,1960,1960,1974.0,1,1065,0,6,1065,461,2,126500
84,8530,7,1995,1996,1995.0,2,384,1,7,1474,400,2,168500
85,16059,8,1991,1992,1991.0,2,1288,1,9,2417,462,2,260000
86,11911,6,2005,2005,2005.0,2,684,1,6,1560,400,2,174000
87,3951,6,2009,2009,2009.0,2,612,0,4,1224,528,2,164500
88,8470,3,1915,1982,1978.5061638868744,1,1013,0,6,1526,0,0,85000
89,8070,4,1994,1995,1978.5061638868744,1,990,0,5,990,0,0,123600
91,8500,5,1961,1961,1961.0,1,1235,0,6,1235,480,2,98600
92,13360,5,1921,2006,1921.0,1,876,0,5,964,432,2,163500
93,7200,6,1910,1998,1900.0,2,1214,1,9,2291,506,2,133900
94,9337,6,1997,1997,1997.0,2,824,0,7,1786,684,2,204750
95,9765,6,1993,1993,1993.0,2,680,1,6,1470,420,2,185000
96,10264,7,1999,1999,1999.0,2,1588,0,6,1588,472,2,214000
97,10921,4,1965,1965,1965.0,1,960,0,6,960,432,1,94750
98,10625,5,1920,1950,1920.0,1,458,0,5,835,366,1,83000
99,9320,4,1959,1959,1978.5061638868744,1,950,0,6,1225,0,0,128950
100,10603,6,1977,2001,1977.0,2,1610,2,6,1610,480,2,205000
101,9206,6,1985,1985,1985.0,2,741,1,7,1732,476,2,178000
103,10402,7,2009,2009,2009.0,2,1226,0,6,1226,740,3,198900
104,7758,7,1931,1950,1951.0,1,1040,2,7,1818,240,1,169500
105,9375,8,2003,2004,2003.0,2,1053,1,9,1992,648,2,250000
107,6000,5,1948,1950,1948.0,1,789,0,5,789,250,1,115000
108,8500,5,1919,2005,1978.5061638868744,2,793,0,7,1517,0,0,115000
109,11751,6,1977,1977,1977.0,2,1844,1,7,1844,546,2,190000
110,9525,6,1954,1972,1954.0,2,994,0,7,1855,325,1,136900
111,7750,7,2000,2000,2000.0,2,384,1,7,1430,400,2,180000
113,21000,6,1953,1953,1953.0,2,1809,2,7,2259,450,2,217000
114,7259,6,1945,2002,1945.0,2,1028,1,9,2320,180,1,259500
115,3230,6,1999,1999,1999.0,2,729,1,5,1458,440,2,176000
116,11616,5,1962,1962,1962.0,1,1092,1,6,1092,288,1,139000
117,8536,5,2006,2007,2007.0,1,1125,0,5,1125,430,2,155000
119,8461,6,2005,2006,2005.0,2,728,1,8,1456,390,2,163990
120,21453,6,1969,1969,1969.0,1,938,2,4,988,540,2,180000
121,6060,4,1939,1950,1979.0,1,732,0,4,1123,264,1,100000
122,9464,6,1958,1958,1958.0,1,1080,0,5,1080,288,1,136000
123,7892,6,1993,1993,1993.0,2,1199,0,5,1199,530,2,153900
124,17043,6,1979,1998,1979.0,2,1362,1,7,1586,435,2,181000
125,6780,6,1935,1982,1978.5061638868744,1,520,0,5,754,0,0,84500
126,4928,6,1976,1976,1977.0,2,1078,1,5,958,440,2,128000
127,4388,5,1930,1950,1978.5061638868744,1,672,1,5,840,0,0,87000
128,7590,6,1966,1966,1966.0,1,660,1,6,1348,453,2,155000
129,8973,5,1958,1991,1998.0,1,1008,0,6,1053,750,2,150000
130,14200,7,1966,1966,1966.0,2,924,2,8,2157,487,2,226000
131,12224,6,2000,2000,2000.0,2,992,1,7,2054,390,2,244000
132,7388,5,1959,2002,1974.0,1,1063,0,7,1327,624,2,150750
133,6853,8,2001,2002,2001.0,2,1267,0,6,1296,471,2,220000
134,10335,5,1968,1993,1968.0,2,1461,1,7,1721,440,2,180000
135,10400,7,1970,1970,1970.0,2,1304,1,7,1682,530,2,174000
136,10355,5,1967,1967,1967.0,2,1214,1,5,1214,318,1,143000
137,11070,7,1988,1989,1989.0,3,1907,0,9,1959,766,3,171000
138,9066,8,1999,2000,1999.0,2,1004,2,7,1852,660,3,230000
139,15426,6,1997,1997,1997.0,2,928,0,7,1764,470,2,231500
140,10500,4,1971,1971,1978.5061638868744,1,864,1,5,864,0,0,115000
141,11645,7,2005,2005,2005.0,2,1734,0,7,1734,660,2,260000
142,8520,5,1952,1952,2000.0,2,910,0,6,1385,720,2,166000
143,10335,7,1999,1999,1999.0,2,1490,0,6,1501,577,2,204000
144,9100,5,1963,1963,1963.0,2,1728,0,10,1728,504,2,125000
145,2522,6,2004,2006,2004.0,2,970,0,7,1709,380,2,130000
146,6120,5,1931,1993,1931.0,1,715,0,5,875,180,1,105000
147,9505,7,2001,2001,2001.0,2,884,1,8,2035,434,2,222500
148,7500,7,2004,2005,1978.5061638868744,1,1080,0,6,1080,0,0,141000
149,6240,5,1936,1950,1936.0,1,896,0,7,1344,240,1,115000
150,10356,5,1975,1975,1975.0,1,969,0,5,969,440,2,122000
151,13891,8,2007,2008,2007.0,2,1710,1,6,1710,866,3,372402
152,14803,6,1971,1971,1971.0,2,825,1,8,1993,495,2,190000
153,13500,6,1960,1975,1960.0,1,1602,1,4,1252,564,2,235000
154,11340,6,1923,1950,1923.0,1,1200,0,7,1200,312,1,125000
155,9600,6,1924,1950,1978.5061638868744,1,572,0,5,1096,0,0,79000
157,12003,8,2009,2010,2009.0,2,774,1,8,1968,680,3,269500
158,12552,7,2004,2005,2004.0,2,991,1,8,1947,678,2,254900
159,19378,7,2005,2006,2006.0,2,1392,1,9,2462,576,2,320000
160,11120,6,1984,1984,1984.0,2,1232,0,6,1232,516,2,162500
162,12182,7,2005,2005,2005.0,2,1541,1,7,1541,532,2,220000
163,5500,4,1956,1956,1978.5061638868744,1,882,0,4,882,0,0,103200
164,5400,6,1926,2004,1926.0,2,1149,0,5,1616,216,1,152000
165,10106,5,1940,1999,1978.5061638868744,2,644,0,6,1355,0,0,127500
166,10708,5,1955,1993,1955.0,1,1617,3,7,1867,303,1,190000
167,10562,8,2007,2007,2007.0,1,1582,1,8,2161,789,3,325624
168,8244,7,2004,2004,2004.0,2,840,1,7,1720,440,2,183500
169,16669,8,1981,1981,1981.0,2,1686,1,6,1707,511,2,228000
170,12358,5,1941,1950,1991.0,1,720,0,7,1382,660,2,128500
171,31770,6,1960,1960,1960.0,1,1080,2,7,1656,528,2,215000
172,5306,7,1987,1987,1987.0,2,1064,1,5,1767,504,2,239000
173,10197,6,1961,1961,1961.0,1,1362,1,6,1362,504,2,163000
174,12416,6,1986,1986,1986.0,2,1606,1,7,1651,616,2,184000
175,12615,6,1950,2001,1950.0,2,1202,1,7,2158,576,2,243000
176,10029,6,1988,1989,1988.0,2,1151,1,8,2060,521,2,211000
177,13650,5,1958,1958,1958.0,2,1052,1,8,1920,451,2,172500
179,8520,5,1923,2006,1935.0,1,968,0,5,968,480,2,100000
180,2117,6,2000,2000,2000.0,2,756,1,5,1525,440,2,177000
181,7588,7,1920,1950,1920.0,1,793,1,9,1802,216,1,200100
183,11426,7,2003,2003,2003.0,2,1362,0,6,2082,484,2,200000
184,7438,5,1908,1991,1986.0,1,504,0,5,1252,576,2,127000
186,9947,7,1990,1991,1990.0,2,1188,0,6,1217,497,2,173000
187,10410,5,1916,1987,1916.0,2,660,0,8,1656,180,1,135000
188,7018,5,1979,1979,1979.0,0,1086,2,6,1224,528,2,153337
189,4923,8,2001,2002,2001.0,1,1593,1,5,1593,682,2,286000
191,7472,7,1972,2004,1972.0,1,725,0,7,1479,484,2,184000
192,9017,7,1999,1999,1999.0,2,1431,0,6,1431,666,2,192000
193,2522,7,2004,2004,2004.0,2,970,0,7,1709,380,2,130000
194,7180,5,1972,1972,1989.0,1,864,0,5,864,352,1,127000
195,2280,6,1976,1976,1976.0,2,855,1,7,1456,440,2,148500
196,9416,7,2007,2007,2007.0,2,1726,1,8,1726,786,3,311872
198,5520,6,1912,1950,1978.5061638868744,1,755,0,8,2229,0,0,104000
199,9591,8,2004,2005,2004.0,2,1713,1,7,1713,856,3,274900
200,8546,4,2003,2004,2003.0,2,1121,0,5,1121,440,2,140000
201,10125,6,1977,1977,1980.0,2,1196,2,6,1279,473,2,171500
202,7000,6,1924,1950,1924.0,2,617,0,6,1310,398,1,112000
203,4438,6,2004,2004,2004.0,1,848,1,3,848,420,2,149000
204,3500,5,1947,1950,1948.0,1,720,0,5,1284,240,1,110000
205,11851,7,1990,1990,1990.0,2,1424,0,5,1442,500,2,180500
206,13673,5,1962,1962,1962.0,1,1140,1,8,1696,349,1,143900
207,12493,4,1960,1960,1960.0,1,1100,1,6,1100,312,1,141000
208,14364,7,1988,1989,1988.0,2,1157,1,7,2062,454,2,277000
209,8250,6,1964,1964,1964.0,1,1092,0,6,1092,504,2,145000
210,5604,5,1925,1950,1978.5061638868744,1,864,0,5,864,0,0,98000
211,10420,6,2009,2009,2009.0,2,1212,0,6,1212,460,2,186000
212,8640,7,2009,2009,2009.0,2,900,1,7,1852,644,2,252678
213,13568,5,1995,1995,1996.0,1,990,0,5,990,576,2,156000
214,10900,6,1977,1977,1977.0,1,689,0,6,1392,299,1,161750
215,10011,5,1957,1996,1957.0,1,1070,1,6,1236,447,1,134450
216,8450,7,2004,2004,2004.0,2,1436,0,8,1436,484,2,210000
217,9906,4,1925,1950,1940.0,1,686,0,8,1328,210,1,107000
218,15660,7,1939,2006,1939.0,1,798,2,8,1954,431,2,311500
219,3010,7,2005,2006,2005.0,2,1248,0,5,1248,438,2,167240
220,8990,7,2006,2006,2006.0,2,1498,0,5,1498,675,2,204900
221,8068,6,2002,2002,2002.0,2,1010,1,8,2267,390,2,200000
222,11475,6,1975,1975,1975.0,2,713,1,6,1552,434,2,179900
223,10500,4,1971,1971,1989.0,1,864,0,4,864,576,2,97000
225,1680,5,1971,1971,1991.0,2,630,0,6,1302,280,1,112000
226,9950,7,1995,1995,1995.0,2,1203,1,9,2520,721,3,290000
227,1869,6,1970,1970,1987.0,1,483,0,5,987,280,1,106000
228,8521,5,1967,1967,1974.0,1,912,1,5,912,336,1,125000
229,3182,7,2005,2006,2005.0,2,1373,1,7,1555,430,2,192500
230,8760,6,1959,1959,1959.0,1,1194,0,6,1194,312,1,148000
232,1680,6,1972,1972,1972.0,1,483,1,5,987,288,1,94500
233,10650,5,1976,1976,1976.0,1,894,0,5,894,308,1,128200
234,7851,6,2002,2002,2002.0,2,860,2,8,1960,440,2,216500
235,1680,6,1971,1971,1971.0,1,483,0,5,987,264,1,89500
236,8773,7,2004,2004,2004.0,2,1414,0,6,1414,494,2,185500
237,9453,7,1993,2003,1993.0,2,996,0,7,1744,457,2,194500
238,12030,8,2007,2007,2007.0,2,1694,0,7,1694,818,3,318000
239,8741,6,1945,1950,1949.0,1,735,1,7,1487,220,1,113000
240,9000,8,2008,2008,2008.0,2,1566,0,7,1566,750,2,262500
241,3880,5,1945,1997,1978.5061638868744,1,686,0,4,866,0,0,110500
243,10762,6,1980,1980,1980.0,1,626,1,6,1217,288,1,120000
244,8880,7,1994,2002,1994.0,2,948,2,8,2110,463,2,205000
245,10400,7,1988,1988,1988.0,2,1845,1,6,1872,604,2,241500
246,9142,6,1910,1950,1910.0,2,1020,0,9,1928,440,1,137000
247,11310,6,1954,1954,1954.0,1,1367,1,5,1375,451,2,140000
248,11317,7,2003,2003,2003.0,2,840,0,8,1668,500,2,180000
249,159000,6,1958,2006,1958.0,2,1444,2,7,2144,389,2,277000
250,5350,3,1940,1966,1978.5061638868744,1,728,0,6,1306,0,0,76500
251,4750,8,2006,2007,2006.0,2,1573,1,5,1625,538,2,235000
252,8366,6,2004,2004,2004.0,2,798,0,6,1640,520,2,173000
253,9350,6,1964,1991,1964.0,2,1302,0,7,1302,309,1,158000
254,8400,5,1957,1957,1957.0,1,1314,0,5,1314,294,1,145000
255,8738,7,1999,1999,1999.0,2,975,1,8,2291,429,2,230000
256,8791,6,2003,2003,2003.0,2,864,0,7,1728,673,2,207500
257,8814,7,2006,2006,2006.0,2,1604,1,8,1604,660,2,220000
258,12435,7,2001,2001,2001.0,2,963,1,7,1792,564,2,231500
260,19296,6,1962,1962,1991.0,1,1362,1,6,1382,884,2,176000
261,9588,8,2007,2007,2007.0,2,1482,1,10,2574,868,3,276000
262,8471,6,1977,1995,1978.0,1,506,1,6,1212,492,2,151000
263,5500,5,1929,2001,1974.0,1,926,0,6,1316,484,2,130000
264,5232,5,1925,2004,1965.0,1,680,0,4,764,504,2,73000
265,12090,6,1981,1981,1981.0,2,1422,1,7,1422,576,2,175500
266,11207,6,1997,1997,1997.0,2,802,1,8,1511,413,2,185000
267,8400,5,1939,1997,1939.0,2,720,1,8,2192,240,1,179500
268,6900,5,1940,1955,1966.0,1,740,1,4,778,924,1,120500
269,7917,6,1976,1976,1987.0,1,1143,1,6,1113,504,1,148000
270,10728,8,2006,2006,2006.0,2,1095,1,8,1939,1053,3,266000
271,39104,7,1954,2005,1954.0,1,1385,2,5,1363,439,2,241500
272,11764,8,1999,2007,1999.0,2,1152,1,9,2270,671,3,290000
273,9600,6,1958,1988,1958.0,2,1240,1,6,1632,338,1,139000
274,8314,5,1982,1982,1982.0,1,816,0,5,816,264,1,124500
275,7264,7,1925,2007,1978.0,2,952,0,5,1548,672,2,205000
276,9196,7,2003,2003,2003.0,2,1560,0,7,1560,573,2,201000
277,19138,4,1951,1951,1951.0,1,864,0,4,864,400,2,141000
279,10005,7,1977,1977,1977.0,2,1160,1,8,2022,505,2,192000
280,11287,7,1989,1989,1989.0,2,807,1,7,1982,575,2,228500
281,7200,6,2006,2006,2006.0,2,1262,0,5,1262,572,2,185000
282,5063,7,2007,2008,2008.0,2,1314,1,6,1314,626,2,207500
283,9612,8,2008,2009,2008.0,2,1468,1,6,1468,898,3,244600
284,8012,6,1992,1992,1992.0,2,1575,0,5,1575,529,2,179200
285,4251,7,2006,2007,2006.0,2,625,0,5,1250,528,2,164700
286,9786,6,1962,1981,1962.0,1,912,1,7,1734,440,2,159000
287,8125,4,1971,1971,1978.5061638868744,1,858,0,5,858,0,0,88000
288,9819,5,1967,1967,1970.0,1,882,0,5,900,280,1,122000
289,8730,6,1915,2003,2003.0,1,698,0,7,1396,384,1,153575
290,15611,8,2006,2006,2006.0,2,1079,1,8,1919,685,2,233230
291,5687,5,1912,2000,1978.5061638868744,2,780,0,9,1716,0,0,135900
292,11409,5,1949,2008,1949.0,1,768,1,8,1716,281,1,131000
293,16659,7,1977,1994,1977.0,2,795,1,9,2263,539,2,235000
294,9600,6,1953,1953,1953.0,1,1416,2,7,1644,418,2,167000
295,7937,6,1984,1984,1984.0,1,1003,0,6,1003,588,2,142500
296,13710,5,1950,1950,1950.0,1,910,0,6,1558,282,1,152000
297,7399,7,1997,1998,1997.0,2,975,1,7,1950,576,2,239000
298,11700,6,1968,1968,1968.0,1,702,1,7,1743,539,2,175000
299,14000,6,1950,2004,1950.0,1,1092,1,6,1152,300,1,158500
300,15750,5,1953,1953,1953.0,1,1165,2,5,1336,375,1,157000
301,16226,8,1998,1999,1998.0,2,1028,1,9,2452,683,2,267000
302,13704,7,2001,2002,2001.0,2,1541,1,6,1541,843,3,205000
303,9800,5,1972,1972,1975.0,1,894,0,5,894,552,2,149900
305,10386,8,2004,2005,2004.0,2,2000,0,8,2000,888,3,305900
306,13474,7,1990,1991,1990.0,2,700,1,8,2243,746,3,225000
307,7920,6,1920,1950,1978.5061638868744,1,319,0,6,1406,0,0,89500
308,12342,4,1940,1950,1961.0,1,861,0,4,861,539,2,82500
309,12378,9,2003,2004,2003.0,2,1896,3,8,1944,708,3,360000
310,7685,6,1993,1994,1993.0,2,697,1,6,1501,420,2,165600
311,8000,6,1948,2002,1948.0,1,972,1,5,972,240,1,132000
312,7800,5,1939,1950,1939.0,1,793,1,5,1118,410,2,119900
314,9600,7,1925,1990,1925.0,1,728,1,6,1641,546,2,178000
315,7795,7,2004,2005,2004.0,2,716,1,6,1432,432,2,188500
316,13005,7,1980,1980,1983.0,2,845,1,10,2353,484,2,260000
317,9000,8,2006,2006,2006.0,2,1088,1,8,1959,1025,3,270000
318,9900,7,1993,1993,1993.0,2,1347,1,9,2646,656,3,260000
319,14115,7,1980,1980,1980.0,2,1372,2,6,1472,588,2,187500
320,16259,9,2006,2006,2006.0,3,1249,0,9,2596,840,3,342643
321,12099,8,2004,2004,2004.0,2,1136,1,10,2468,872,3,354000
323,5820,3,1955,2005,1955.0,1,1162,0,6,1163,220,1,126175
325,5000,5,1941,1950,1941.0,1,720,0,5,803,360,2,87000
326,10846,8,1993,1993,1993.0,1,1719,2,6,1719,473,2,324000
327,11600,6,1960,1960,1960.0,1,1383,0,7,1383,292,1,145250
328,11888,6,1916,1994,1930.0,2,844,0,10,2134,441,2,214500
329,6402,5,1920,1950,1920.0,1,596,0,6,1192,189,1,78000
330,10624,5,1964,1964,2002.0,2,1728,0,10,1728,352,1,119000
331,8176,5,1958,1992,1958.0,1,1056,0,6,1056,308,1,139000
333,8198,7,2004,2004,2004.0,2,1358,1,6,1358,484,2,207000
334,9042,6,1998,1998,1998.0,2,943,2,7,1638,472,2,192000
335,164660,5,1965,1965,1965.0,2,1499,2,7,1786,529,2,228950
336,14157,9,2005,2006,2005.0,2,1922,1,8,1922,676,3,377426
337,9135,7,2002,2003,2002.0,2,1536,0,7,1536,532,2,214000
338,14145,7,1984,1998,1984.0,2,1208,0,8,1621,440,2,202500
339,12400,6,1958,1998,1958.0,1,1215,0,6,1215,297,1,155000
340,14191,8,2002,2002,2002.0,2,967,0,9,1908,431,2,202900
341,8400,4,1950,1950,1950.0,1,721,0,4,841,294,1,82000
343,8849,9,2005,2005,2005.0,2,1684,1,6,1684,564,2,266000
344,2592,5,1976,1976,1976.0,1,536,0,4,1112,336,1,85000
345,6435,6,1939,1950,1939.0,1,972,1,6,1577,312,1,140200
346,12772,6,1960,1998,1960.0,1,958,0,5,958,301,1,151500
347,17600,6,1960,1960,1960.0,2,1478,2,6,1478,498,2,157500
348,2448,7,2003,2004,2003.0,2,764,0,6,1626,474,2,154000
350,7820,9,2007,2007,2007.0,2,1869,1,6,1869,617,2,318061
351,5271,7,1986,1986,1986.0,1,1453,1,6,1453,445,2,190000
352,9084,5,1941,1950,1941.0,1,616,0,5,1111,200,1,95000
353,8520,6,1928,2003,2005.0,1,624,0,5,720,484,2,105900
354,8400,6,1940,2000,1940.0,1,940,2,6,1595,240,1,140000
355,11249,6,1995,1995,1995.0,2,1200,0,6,1200,521,2,177500
356,9248,6,1992,1992,1992.0,2,1158,0,6,1167,400,2,173000
357,4224,5,1976,1976,1976.0,1,1142,1,6,1142,528,2,134000
358,6930,5,1958,1958,1958.0,1,1062,0,6,1352,288,1,130000
359,12011,8,1998,1998,1998.0,2,1086,1,7,1924,592,2,280000
360,7540,6,1978,1978,1978.0,1,888,1,5,912,470,2,156000
361,9144,5,1940,1982,1940.0,1,883,0,8,1505,240,1,145000
363,1680,6,1972,2007,1972.0,1,483,0,5,987,264,1,118000
364,18800,6,1976,1976,1976.0,2,796,1,6,1574,566,2,190000
365,10690,5,1920,1997,1964.0,1,672,0,6,1344,468,1,147000
366,9500,6,1963,1963,1963.0,1,1394,2,6,1394,514,2,159000
367,9150,6,1962,1962,1962.0,1,1099,1,6,1431,296,1,165000
368,7800,5,1954,1954,1954.0,1,1268,1,7,1268,244,1,132000
369,9830,5,1959,2006,1997.0,1,1063,1,7,1287,576,2,162000
370,8121,6,2000,2000,2000.0,2,953,1,7,1664,460,2,172400
372,7175,6,1984,1984,1984.0,1,744,0,4,752,264,1,125000
373,10634,5,1953,1953,1953.0,1,608,0,5,1319,270,1,123000
374,8200,7,2003,2004,2003.0,2,847,1,8,1928,434,2,219500
376,8846,5,1996,1996,1998.0,1,870,0,5,914,576,2,148000
377,11143,8,2004,2005,2004.0,3,1580,1,8,2466,610,2,340000
379,8123,6,2000,2000,2000.0,2,982,1,7,1800,463,2,179000
380,5000,5,1924,1950,1924.0,2,1026,1,6,1691,308,1,127000
381,7200,7,2006,2006,2006.0,2,1293,1,5,1301,572,2,187750
382,9245,7,2006,2006,2006.0,2,939,0,8,1797,639,2,213500
383,9000,6,1928,1950,1950.0,1,784,0,5,784,360,2,76000
384,53107,6,1992,1992,1992.0,2,1580,2,9,1953,501,2,240000
385,3182,8,2004,2005,2004.0,2,1256,1,6,1269,430,2,192000
386,8410,5,1910,1996,1978.5061638868744,1,658,0,8,1184,0,0,81000
387,7200,6,1976,1976,1977.0,1,1041,1,6,1125,352,1,125000
388,9382,7,1999,2000,1999.0,2,1468,0,6,1479,577,2,191000
389,12474,10,2007,2008,2008.0,2,1682,1,9,2332,846,3,426000
391,12209,6,2001,2002,2001.0,2,804,1,7,1961,560,2,215000
393,7446,4,1941,1950,1978.5061638868744,1,788,2,4,788,0,0,100000
394,10134,5,1940,1950,1940.0,1,735,0,5,1034,240,1,109000
395,9571,5,1956,1956,1956.0,1,1144,0,6,1144,596,1,129000
396,7200,5,1972,1972,1985.0,1,894,0,6,894,600,2,123000
397,7590,5,1962,1962,1962.0,2,864,1,8,1812,264,1,169500
398,8967,5,1920,1950,1920.0,1,961,0,6,1077,338,1,67000
399,8125,7,2006,2007,2007.0,2,1092,0,7,1550,438,2,241000
400,14963,8,1996,1996,1996.0,1,1260,2,4,1288,500,2,245500
401,8767,7,2005,2005,2005.0,2,1310,1,6,1310,400,2,164990
402,10200,5,1940,1997,1940.0,1,672,0,4,672,240,1,108000
403,12090,8,1998,1998,1998.0,2,1141,1,10,2263,420,2,258000
404,10364,6,1995,1996,1995.0,2,806,1,7,1572,373,2,168000
405,9991,4,1976,1993,1993.0,2,1281,1,8,1620,490,2,150000
406,10480,6,1936,1950,1936.0,1,1064,0,6,1639,240,1,115000
407,15576,6,1915,1976,1960.0,2,840,0,8,1680,308,1,177000
408,14154,7,2006,2006,2006.0,2,1063,1,9,2172,947,3,280000
409,10800,8,2007,2008,2008.0,2,1034,1,8,2078,836,3,339750
411,34650,5,1955,1955,1955.0,1,1056,0,5,1056,572,2,145000
412,4403,7,2009,2009,2009.0,2,1470,1,7,1478,484,2,222000
413,8960,5,1927,1950,1927.0,1,1008,1,5,1028,360,2,115000
414,11228,7,1993,1993,1993.0,2,1080,1,9,2097,678,3,228000
415,8899,7,2007,2007,2007.0,2,1340,0,6,1340,396,2,181134
416,7844,6,1978,1978,1978.0,1,672,1,6,1400,440,2,149500
417,22420,6,1918,1950,1918.0,2,1370,1,10,2624,864,3,239000
418,8160,5,1940,1950,1940.0,1,756,0,7,1134,240,1,126000
419,8450,5,1968,1968,1968.0,1,1056,1,6,1056,304,1,142000
420,7060,7,1997,1998,1997.0,2,1344,0,8,1344,784,4,206300
421,16635,6,1977,2000,1977.0,2,1602,1,8,1602,529,2,215000
422,21750,5,1954,1954,1954.0,1,988,0,4,988,520,2,113000
423,9200,8,1998,1998,1998.0,2,1470,1,8,2630,696,3,315000
424,9000,6,1956,1956,1956.0,1,1196,1,6,1196,297,1,139000
425,3378,7,1946,1992,1947.0,1,651,2,6,1389,240,1,135000
426,12800,7,1989,1989,1989.0,2,1518,1,5,1644,569,2,275000
427,8593,4,1957,1957,1964.0,1,907,0,5,907,352,1,109008
428,6762,7,2007,2007,2007.0,2,1208,0,6,1208,628,2,195400
429,11457,6,1988,1988,1988.0,2,1392,1,6,1412,576,2,175000
430,1680,6,1971,1971,1971.0,1,483,0,4,987,264,1,85400
431,5586,6,1920,1998,1978.5061638868744,1,901,0,7,1198,0,0,79900
432,1920,5,1971,1971,1971.0,1,765,0,6,1365,440,2,122500
433,10839,6,1997,1998,1997.0,2,926,1,7,1604,470,2,181000
434,1890,4,1972,1972,1978.5061638868744,1,630,0,3,630,0,0,81000
435,10667,7,1996,1996,1996.0,2,799,1,6,1661,550,2,212000
436,4400,6,1920,1950,1990.0,1,648,0,6,1118,440,2,116000
437,6000,6,1926,2004,1926.0,1,884,0,4,904,180,1,119000
438,4280,5,1913,2002,1990.0,1,440,1,4,694,352,1,90350
439,12354,6,1920,2000,2005.0,1,684,0,7,1196,528,2,110000
441,12108,4,1955,1955,1978.5061638868744,2,1440,0,8,1440,0,0,118000
442,6240,5,1930,1992,1930.0,2,1078,1,8,1573,360,2,162900
443,3922,7,2006,2007,2007.0,2,1258,1,6,1258,648,3,172500
444,8750,7,1994,1995,1994.0,2,915,1,8,1908,493,2,210000
445,9855,6,1956,1956,1956.0,1,1436,1,7,1689,480,2,127500
446,16492,6,1966,2002,1966.0,2,1517,1,6,1888,578,2,190000
447,11214,7,1998,1999,1998.0,2,930,1,10,1886,431,2,199900
448,8600,6,1937,1950,1937.0,2,780,1,7,1376,198,1,119500
449,6000,3,1948,2002,1981.0,1,649,0,6,1183,308,1,120000
450,5684,6,1930,2005,1932.0,1,813,0,5,813,270,1,110000
451,70761,7,1975,1975,1975.0,2,1533,2,5,1533,576,2,280000
452,9303,6,1996,1997,1996.0,2,872,0,7,1756,422,2,204000
453,9000,8,2008,2008,2008.0,2,768,0,6,1590,676,2,210000
454,9297,5,1976,1976,1976.0,2,1728,0,8,1728,560,2,188000
455,9600,7,1973,1973,1973.0,1,1242,1,6,1242,528,2,175500
456,4571,5,1916,1950,1916.0,1,624,0,7,1344,513,3,98000
457,53227,4,1954,1994,1954.0,1,1364,2,6,1663,529,2,256000
458,5100,8,1925,1996,1925.0,1,588,1,7,1666,228,1,161000
459,7015,5,1950,1950,1950.0,1,709,1,5,1203,352,1,110000
460,8004,8,2009,2009,2009.0,2,832,0,8,1935,552,2,263435
461,7200,7,1936,2007,1971.0,1,560,0,6,1135,576,2,155000
462,8281,5,1965,1965,1965.0,1,864,1,5,864,360,1,62383
463,11988,6,1934,1995,1939.0,1,715,1,6,1660,240,1,188700
464,8430,5,1978,1978,1978.5061638868744,2,1040,0,5,1040,0,0,124000
465,3072,7,2004,2004,2004.0,2,1375,1,6,1414,398,2,178740
466,10628,7,1970,1970,1970.0,1,1277,1,5,1277,526,2,167000
467,9480,5,1942,1995,1942.0,1,728,2,7,1644,312,1,146500
468,11428,8,2006,2006,2006.0,2,1626,1,7,1634,866,3,250000
469,9291,6,1993,1993,1993.0,2,832,0,7,1710,506,2,187000
470,6820,8,1985,1985,1985.0,1,1488,0,4,1502,528,2,212000
471,11952,7,1977,1977,1977.0,2,808,1,8,1969,534,2,190000
472,3675,6,2005,2005,2005.0,1,547,0,5,1072,525,2,148000
473,14977,8,2006,2007,2006.0,2,1976,1,7,1976,908,3,440000
474,5330,8,2000,2000,2000.0,2,1494,0,6,1652,499,2,251000
475,8480,5,1963,1963,1996.0,1,970,0,5,970,624,2,132500
476,13125,6,1997,1998,1997.0,2,1478,1,7,1493,508,2,208900
478,10637,8,2007,2008,2007.0,2,1705,1,7,1718,826,3,297000
479,5925,4,1937,2000,1995.0,1,907,0,7,1131,672,2,89471
480,16033,9,2004,2005,2004.0,2,1833,1,8,1850,772,3,326000
481,11846,9,2003,2004,2003.0,2,1792,1,6,1792,874,3,374000
482,2500,7,1915,2005,1915.0,1,910,1,7,1826,164,1,155000
483,4500,6,1998,1998,1998.0,2,1216,0,5,1216,402,2,164000
484,7758,5,1962,2001,1963.0,1,999,0,6,999,264,1,132500
485,9600,5,1950,2007,1950.0,1,1113,1,5,1113,264,1,147000
486,10289,5,1965,1965,1965.0,1,1073,0,6,1073,515,2,156000
487,12243,5,1971,1971,1971.0,2,1484,1,7,1484,487,2,175000
489,1526,4,1970,2002,1970.0,1,630,0,3,630,286,1,86000
490,2665,5,1976,1976,1976.0,1,264,1,4,1304,336,1,115000
491,9490,6,1941,1950,1941.0,1,806,2,5,1578,240,1,133000
492,15578,6,2006,2006,2006.0,2,728,0,8,1456,429,2,172785
493,7931,5,1960,1960,1964.0,1,1269,1,6,1269,308,1,155000
497,9120,7,1925,1950,1925.0,2,1026,0,8,1820,240,1,184000
498,7800,5,1967,2004,1967.0,1,864,0,5,899,288,1,130000
499,7535,5,1958,1985,1958.0,1,912,0,5,912,297,1,120000
500,1890,6,1973,1973,1973.0,1,672,0,7,1218,264,1,113000
501,9803,7,2005,2005,2005.0,2,866,0,7,1768,603,2,226700
502,9170,5,1965,1965,1965.0,1,1214,0,6,1214,461,2,140000
503,15602,7,1959,1997,1959.0,2,1501,2,6,1801,484,2,289000
504,2308,6,1974,1974,1974.0,2,855,1,6,1322,440,2,147000
505,7596,5,1952,1952,1952.0,2,960,0,10,1960,400,2,124500
506,9554,8,1993,1994,1993.0,2,777,1,8,1911,471,2,215000
507,7862,6,2009,2009,2009.0,2,1218,0,4,1218,676,2,208300
508,9600,7,1928,2005,1928.0,2,689,1,7,1378,360,2,161000
509,9600,5,1959,1959,1959.0,1,1041,0,6,1041,270,1,124500
510,14559,5,1951,2000,1951.0,1,1008,2,6,1363,288,1,164900
511,6792,7,2005,2006,2005.0,2,1368,1,6,1368,474,2,202665
512,9100,5,1958,1958,1964.0,1,864,0,5,864,624,2,129900
513,9187,6,1983,1983,1983.0,1,1084,0,5,1080,484,2,134000
514,10594,5,1926,1950,1926.0,1,768,0,5,789,200,1,96500
515,12220,10,2009,2009,2009.0,2,2006,1,9,2020,900,3,402861
516,10448,6,1972,1972,1972.0,2,689,1,7,2119,583,2,158000
517,10208,7,1996,1997,1996.0,2,1264,1,7,2344,889,3,265000
518,9531,6,1998,1998,1998.0,2,794,0,7,1796,546,2,211000
519,10918,7,1926,2004,1926.0,1,1276,2,9,2080,282,1,234000
521,11988,6,1957,1957,1957.0,1,1244,2,6,1244,336,1,150000
522,5000,6,1947,1950,1950.0,2,1004,2,7,1664,420,2,159000
524,11787,7,1996,1997,1996.0,2,1379,1,8,2398,834,3,315750
525,7500,7,2005,2005,2005.0,2,1257,1,6,1266,453,2,176000
526,13300,5,1956,2000,1956.0,1,928,0,4,928,252,1,132000
529,32668,6,1957,1975,1975.0,3,2035,2,9,2515,484,2,200624
530,10200,6,1988,1989,1988.0,2,1461,1,5,1509,600,2,175000
531,6155,6,1920,1999,1920.0,2,611,0,6,1362,502,2,128000
534,9056,8,2004,2004,2004.0,2,707,1,6,1414,403,2,178000
535,7000,5,1910,1991,1978.5061638868744,1,1117,0,5,1347,0,0,107500
536,8924,7,1998,1999,1998.0,2,880,0,8,1724,527,2,188000
537,12735,4,1972,1972,1980.0,1,864,0,5,864,576,2,111250
538,11553,5,1968,1968,1968.0,1,1051,1,7,1159,336,1,158000
539,11423,8,2001,2002,2001.0,2,1581,1,6,1601,670,2,272000
540,14601,9,2006,2006,2006.0,2,1838,1,8,1838,765,3,315000
541,11000,8,2000,2000,2000.0,2,969,1,8,2285,648,3,248000
542,10140,7,1998,1999,1998.0,2,1650,1,7,1680,583,2,213250
543,4058,7,1998,1998,1998.0,1,723,0,4,767,367,1,133000
544,17104,7,2006,2006,2006.0,2,654,1,7,1496,426,2,179665
545,13837,7,1988,1988,1988.0,2,1204,0,9,2183,786,3,229000
546,8737,6,1923,1950,1950.0,1,1065,1,6,1635,440,2,210000
547,7244,5,1970,1970,1987.0,1,768,0,5,768,624,2,129500
548,8235,5,1955,1995,1963.0,1,825,0,4,825,720,2,125000
549,9375,7,2003,2004,2003.0,2,912,1,8,2094,615,2,263000
550,4043,6,1977,1977,1977.0,2,1069,0,4,1069,440,2,140000
551,6000,5,1957,1957,1957.0,1,928,0,5,928,288,1,112500
552,11146,8,2006,2006,2006.0,2,1709,1,7,1717,908,3,255500
554,10625,7,2003,2004,2003.0,2,998,1,8,2046,871,3,284000
555,6380,5,1922,1950,1922.0,1,993,1,5,1048,280,1,113000
556,14850,5,1957,1957,1957.0,1,1092,1,6,1092,299,1,141000
557,11040,4,1920,1950,1994.0,1,637,0,7,1336,570,1,108000
558,21872,7,1996,1997,1996.0,2,729,1,6,1446,406,2,175000
559,3196,7,2003,2004,2003.0,2,1374,1,7,1557,420,2,234000
560,11341,5,1957,1996,1957.0,1,1392,1,5,1392,528,2,121500
561,10010,5,1974,1975,1975.0,1,1389,1,6,1389,418,2,170000
562,13907,5,1940,1969,1978.5061638868744,1,996,1,6,996,0,0,108000
563,21780,6,1918,1950,1955.0,2,1163,1,8,1674,396,2,185000
564,13346,7,1992,2000,1992.0,2,1095,1,9,2295,590,2,268000
565,6858,6,1915,1950,1920.0,1,806,0,6,1647,216,1,128000
566,11198,9,2005,2007,2005.0,2,1122,1,11,2504,656,3,325000
567,10171,7,2004,2004,2004.0,2,1517,0,7,1535,532,2,214000
568,12327,8,1983,2009,1983.0,1,1496,1,5,2132,612,2,316600
569,7032,5,1979,1979,1979.0,1,943,2,4,943,600,2,135960
570,13101,5,1965,1965,1987.0,2,1728,0,10,1728,576,2,142600
571,7332,6,1959,1959,1959.0,1,864,0,4,864,288,1,120000
572,13159,7,2009,2009,2009.0,2,846,0,6,1692,650,2,224500
573,9967,7,2000,2000,2000.0,2,384,1,8,1430,400,2,170000
574,10500,5,1971,2005,1971.0,1,372,0,5,1109,288,1,139000
575,8480,5,1947,1950,1947.0,1,832,0,6,1216,336,1,118500
576,6292,7,1928,1950,1928.0,2,861,1,6,1477,216,1,145000
577,11777,5,1966,1966,1966.0,1,1164,2,6,1320,564,2,164500
578,3604,7,2007,2007,2007.0,2,689,0,5,1392,540,2,146000
579,12150,5,1954,1954,1954.0,2,1050,0,7,1795,352,1,131500
580,14585,6,1960,1987,1960.0,1,1144,2,7,1429,572,2,181900
581,12704,8,2008,2009,2009.0,2,2042,1,8,2042,1390,3,253293
582,11841,6,1990,1990,1978.5061638868744,1,816,0,5,816,0,0,118500
584,6120,4,1935,1995,1935.0,1,884,0,6,1573,240,1,133000
585,11443,8,2005,2006,2005.0,2,1868,2,7,2028,880,3,369900
586,10267,6,1918,2000,1961.0,1,816,0,5,838,275,1,130000
587,8740,5,1982,1982,1996.0,1,840,0,4,860,528,2,137000
588,25095,5,1968,2003,1968.0,1,1437,2,5,1473,452,1,143000
589,9100,5,1930,1960,1988.0,1,742,0,4,935,308,1,79500
590,8320,7,2004,2004,2004.0,2,770,0,6,1582,520,2,185900
591,13478,10,2008,2008,2008.0,2,1722,1,10,2296,842,3,451950
592,6600,5,1982,2003,1985.0,1,816,0,4,816,816,2,138000
593,4435,6,2003,2003,2003.0,1,848,0,4,848,420,2,140000
594,7990,5,1975,1975,1981.0,1,924,0,5,924,280,1,110000
595,11302,8,2005,2006,2005.0,2,1814,1,7,1826,758,3,319000
596,3600,6,1910,1993,1930.0,1,684,0,7,1368,216,1,114504
597,3922,7,2006,2007,2006.0,0,1258,1,7,1402,648,3,194201
598,12984,5,1977,1977,1977.0,2,1430,1,7,1647,621,2,217500
599,1950,6,1980,1980,1980.0,2,716,1,6,1556,452,2,151000
600,10927,8,2005,2005,2003.0,2,1058,1,8,1904,736,2,275000
601,9000,6,1937,1950,1979.0,1,780,1,6,1375,544,1,141000
602,10041,8,1992,1992,1992.0,2,908,1,8,1915,506,2,220000
603,3182,7,2004,2005,2004.0,2,600,0,4,1200,480,2,151000
604,12803,7,2002,2002,2002.0,2,1494,1,6,1494,530,2,221000
605,13600,7,1965,1990,1965.0,2,768,3,7,1986,486,2,205000
606,12464,5,1996,1996,2000.0,1,1040,0,6,1040,576,2,152000
607,7800,5,1948,2002,1948.0,3,896,0,8,2008,230,1,225000
609,7943,4,1961,1961,1961.0,1,1029,0,5,1029,261,1,118500
610,11050,9,2000,2000,2000.0,2,1440,2,8,2153,736,3,313000
611,10395,6,1978,1978,1978.0,2,1032,1,6,1032,564,2,148000
612,11885,8,2001,2001,2001.0,2,1299,1,7,1872,531,2,261500
613,8402,5,2007,2007,1978.5061638868744,1,1120,0,6,1120,0,0,147000
614,1491,4,1972,1972,1978.5061638868744,1,630,0,3,630,0,0,75500
615,8800,6,1963,1963,1963.0,1,936,0,6,1054,480,2,137500
616,7861,6,2002,2003,2002.0,2,783,1,7,1509,393,2,183200
617,7227,6,1954,1954,1962.0,1,832,0,4,832,528,2,105500
618,11694,9,2007,2007,2007.0,2,1822,1,9,1828,774,3,314813
619,12244,8,2003,2003,2003.0,2,1482,2,10,2262,749,3,305000
620,8248,3,1914,1950,1978.5061638868744,1,864,0,5,864,0,0,67000
621,10800,6,1974,1997,1974.0,2,1522,1,9,2614,624,2,240000
622,7064,5,1977,1977,1986.0,1,980,0,6,980,484,2,135000
623,2117,6,2000,2000,2000.0,2,756,1,4,1512,440,2,168500
624,10400,6,1972,1972,1972.0,1,732,1,8,1790,484,2,165150
625,10000,6,1962,1962,1962.0,1,1116,0,5,1116,440,2,160000
626,12342,5,1960,1978,1960.0,1,978,1,6,1422,286,1,139900
627,9600,6,1955,1972,1955.0,1,1156,2,7,1520,364,1,153000
628,11606,5,1969,1969,1969.0,1,1040,2,9,2080,504,2,135000
629,9020,6,1964,1964,1964.0,1,1248,0,6,1350,520,2,168500
631,4590,8,2006,2006,2006.0,2,1554,1,6,1554,627,2,209500
632,11900,7,1977,1977,1977.0,2,1386,1,6,1411,544,2,82500
633,9250,5,1954,2005,1954.0,1,1056,0,6,1056,260,1,139400
634,6979,6,1980,1980,1980.0,0,1056,0,4,1056,576,2,144000
637,6000,5,1954,1954,1954.0,2,811,0,7,1387,256,1,93000
638,8777,5,1910,1950,1978.5061638868744,1,796,0,4,796,0,0,85000
639,3982,8,2006,2006,2006.0,2,1520,1,7,1567,648,3,264561
640,12677,8,2003,2004,2003.0,1,1518,1,6,1518,588,2,274000
641,7050,7,2001,2001,2001.0,2,1057,1,7,1929,650,2,226000
643,10793,5,1969,1969,1969.0,2,780,0,7,1620,462,2,152000
644,9187,9,2009,2009,2009.0,2,1766,1,7,1766,478,3,370878
645,10530,6,1971,1971,1979.0,1,981,0,5,981,576,2,143250
647,10452,6,1953,1953,1953.0,1,1094,2,5,1094,495,2,155000
648,7700,6,1966,1966,1966.0,1,756,1,7,1839,442,2,155000
649,1936,4,1970,1970,1978.5061638868744,1,630,0,3,630,0,0,84500
650,8125,7,2007,2007,2007.0,2,813,0,7,1665,562,2,205950
651,9084,4,1940,1950,1940.0,1,755,1,7,1510,296,1,108000
652,8750,7,1996,1996,1996.0,2,880,1,7,1716,512,2,191000
654,10437,8,1995,1995,1995.0,2,2109,1,7,2113,839,3,350000
655,1680,6,1971,1971,1971.0,1,525,0,6,1092,264,1,88000
656,10007,5,1959,2006,1959.0,1,1053,0,5,1053,312,1,145500
657,7200,7,1931,2000,1931.0,1,776,1,6,1502,270,1,149000
658,17503,6,1948,1950,1948.0,1,912,1,6,1458,330,1,97500
659,9937,5,1964,1999,1968.0,1,1486,0,7,1486,480,2,167000
660,12384,7,1976,1976,1976.0,2,793,1,7,1935,550,2,197900
661,46589,8,1994,2005,1994.0,2,1629,1,8,2448,711,3,402000
662,13560,6,1968,1968,1968.0,1,1392,2,5,1392,576,2,110000
663,10012,4,1972,1972,1974.0,2,1138,0,6,1181,588,2,137500
664,20896,8,2005,2006,2005.0,1,2077,1,8,2097,1134,3,423000
665,11194,8,2000,2000,2000.0,2,1406,1,7,1936,504,2,230500
666,18450,6,1965,1979,1965.0,2,1021,1,7,2380,596,2,129000
667,8125,6,1994,1998,1994.0,2,1408,1,7,1679,575,2,193500
668,14175,5,1956,1987,1999.0,1,1188,1,6,1437,576,2,168000
669,11600,4,1922,1950,1922.0,1,700,1,5,1180,252,1,137500
670,8633,6,2005,2005,2005.0,2,738,0,7,1476,540,2,173500
671,6629,6,1925,1950,1930.0,2,672,0,6,1369,300,1,103600
672,11250,6,1977,1977,1977.0,1,1208,1,6,1208,546,2,165000
673,14442,6,1957,2004,1957.0,2,1477,2,7,1839,416,2,257500
674,9200,6,1965,1965,1965.0,1,1136,1,5,1136,384,1,140000
675,2289,6,1978,1978,1978.0,2,855,1,7,1441,440,2,148500
677,9022,5,1924,2006,1924.0,1,768,0,5,792,240,1,109500
678,11844,8,2008,2008,2008.0,2,2046,1,7,2046,834,3,372500
679,9945,5,1961,1961,1963.0,1,988,0,5,988,572,2,128500
680,8012,6,1980,1980,1980.0,2,923,1,5,923,264,1,143000
681,4500,5,1932,2000,1968.0,1,793,0,6,1520,281,1,159434
682,2887,6,1996,1997,1996.0,1,1291,1,6,1291,431,2,173000
683,11248,9,2002,2002,2002.0,2,1626,1,7,1668,702,3,285000
684,16770,7,1998,1998,1998.0,2,1195,0,7,1839,486,2,221000
685,5062,7,1984,1984,1984.0,2,1190,1,6,2090,577,2,207500
686,10207,7,2007,2007,2007.0,3,874,0,7,1761,578,2,227875
687,5105,7,2004,2004,2004.0,2,551,0,4,1102,480,2,148800
688,8089,8,2007,2007,2007.0,2,1419,1,7,1419,567,2,392000
689,7577,6,2005,2006,2005.0,2,1362,1,6,1362,460,2,194700
690,4426,6,2004,2004,2004.0,1,848,1,3,848,420,2,141000
692,26178,7,1989,1990,1989.0,2,1210,2,9,2519,628,2,335000
693,5400,5,1921,1968,1968.0,1,1073,0,4,1073,326,1,108480
694,6120,5,1936,1950,1995.0,1,927,0,5,1539,576,2,141500
695,13811,6,1987,1987,1987.0,2,1112,1,5,1137,551,2,176000
697,6420,5,1952,1952,1952.0,1,980,0,6,1148,308,1,123500
698,8450,5,1965,2009,1973.0,1,894,1,5,894,336,1,138500
699,4282,7,2004,2004,2004.0,2,1391,0,5,1391,530,2,196000
700,14331,8,2002,2002,2002.0,2,1800,1,7,1800,765,3,312500
701,9600,7,1969,1969,1969.0,1,1164,0,6,1164,528,2,140000
702,12438,8,2006,2006,2006.0,2,1234,1,10,2576,666,3,361919
704,8400,7,2004,2005,2004.0,2,1473,0,7,1484,606,2,213000
706,115149,7,1971,2002,1971.0,2,1643,2,5,1824,739,2,302000
707,6240,8,2006,2006,2006.0,2,1324,1,6,1324,550,2,254000
708,9018,7,2007,2007,2007.0,2,728,1,8,1456,400,2,179540
709,7162,5,1966,1966,1966.0,1,876,0,6,904,408,1,109900
712,4671,8,1988,1989,1988.0,2,1228,1,5,1228,472,2,189000
713,9873,4,1970,1970,1970.0,1,960,0,6,960,576,2,129000
714,13517,6,1976,2005,1976.0,2,725,0,6,1479,475,2,130500
715,10140,6,1974,1974,1974.0,2,1064,1,7,1350,478,2,165000
717,10000,5,1973,2000,1973.0,1,1176,1,5,1178,439,2,157000
718,10542,7,1993,1994,1993.0,2,1311,1,9,2418,983,3,341000
719,9920,5,1969,1969,1969.0,1,971,1,5,971,300,1,128500
720,6563,8,1985,1985,1985.0,2,1742,1,5,1742,564,2,275000
721,4426,6,2004,2004,2004.0,1,848,0,3,848,420,2,143000
722,8120,4,1970,1970,1994.0,1,864,0,5,864,463,2,124500
723,8172,4,1954,1972,1958.0,2,941,0,7,1470,548,1,135000
724,13286,9,2007,2008,2007.0,2,1698,1,8,1698,768,3,320000
725,6960,4,1970,1970,1989.0,1,864,0,5,864,660,2,120500
726,21695,6,1988,2007,1988.0,2,880,1,5,1680,540,2,222000
727,7314,7,2007,2007,2007.0,2,1232,0,6,1232,632,2,194500
728,11475,5,1958,1958,1968.0,2,1584,0,9,1776,888,3,110000
729,6240,4,1925,1950,1962.0,1,780,0,5,1208,539,2,103000
730,5389,8,1995,1996,1995.0,2,1595,1,5,1616,608,2,236500
731,9590,7,2003,2003,2003.0,2,868,1,6,1146,438,2,187500
732,11404,7,1998,1999,1998.0,2,1153,1,8,2031,541,2,222500
733,10000,5,1961,1983,1961.0,1,864,1,6,1144,264,1,131400
734,8978,5,1968,1968,1968.0,1,948,0,6,948,300,1,108000
735,10800,7,1914,1970,1914.0,1,880,2,6,1768,320,2,163000
737,10463,8,2005,2005,2005.0,2,893,1,8,1801,800,3,239900
738,10800,5,1987,1988,1978.5061638868744,3,1200,0,5,1200,0,0,179000
739,9313,7,2004,2004,2004.0,2,864,0,7,1728,572,2,190000
740,9600,5,1910,2002,1910.0,2,264,0,7,1432,360,2,132000
741,6768,6,1961,1996,1962.0,1,912,0,5,912,288,1,142000
742,8450,7,2000,2001,2000.0,2,1349,0,6,1349,539,2,179000
743,12886,5,1963,1999,1997.0,2,520,1,6,1464,480,2,175000
744,5395,8,1993,1993,1993.0,2,1337,1,5,1337,462,2,180000
746,8795,7,2000,2000,2000.0,2,952,1,8,2256,554,2,236000
748,10593,7,1996,1996,1996.0,2,1720,1,7,1720,527,2,260400
750,8800,4,1910,2004,1978.5061638868744,1,576,0,7,1140,0,0,96500
751,7750,7,2003,2003,2003.0,2,660,0,6,1320,400,2,162000
752,9236,6,1997,1997,1997.0,2,1479,0,6,1494,576,2,217000
753,10240,8,2005,2005,2005.0,2,1030,1,8,2098,878,3,275500
754,7930,6,1969,2005,1969.0,1,1026,0,5,1026,440,2,156000
755,3230,6,1999,1999,1999.0,2,729,0,6,1471,440,2,172500
756,10769,8,2007,2007,2007.0,2,866,0,7,1768,578,2,212000
757,11616,6,1978,1978,1978.0,2,672,1,6,1386,440,2,158900
758,2280,7,1999,1999,1999.0,2,744,0,6,1501,440,2,179400
759,12257,8,1995,1995,1995.0,2,1318,1,9,2531,752,3,290000
760,9100,6,1959,1959,2008.0,1,864,0,5,864,300,1,127500
761,6911,5,1924,1950,1965.0,1,1145,0,5,1301,440,2,100000
762,8640,7,2009,2009,2009.0,2,756,0,7,1547,614,2,215200
763,9430,8,1999,1999,1999.0,2,1252,1,8,2365,856,3,337000
764,9549,8,1995,1996,1995.0,1,1494,1,6,1494,481,2,270000
765,14587,9,2008,2008,2008.0,2,1498,1,6,1506,592,2,264132
766,10421,7,1988,1988,1988.0,2,980,1,7,1714,496,2,196500
767,12508,6,1940,1985,1989.0,2,983,0,7,1750,423,1,160000
768,9100,7,2004,2005,2004.0,2,1860,1,8,1836,484,2,216837
770,7252,5,1982,1982,1983.0,1,858,0,5,858,576,2,134900
771,8877,4,1951,1951,1951.0,1,836,0,6,1220,396,2,102000
772,7819,6,1976,1976,1976.0,1,1029,1,6,1117,672,2,107000
773,10150,5,1958,1958,1958.0,1,912,0,5,912,275,1,114500
774,14226,8,2006,2006,2006.0,2,1935,1,9,1973,895,3,395000
775,4500,6,1998,1998,1998.0,2,1204,0,5,1204,412,2,162000
776,11210,7,2005,2006,2005.0,2,1614,0,7,1614,865,3,221500
777,13350,5,1974,1974,1974.0,1,864,1,5,894,440,2,142500
779,10530,6,1977,1977,1977.0,1,975,0,4,1004,504,2,135000
780,7875,7,1995,1996,1995.0,2,1237,1,6,1253,402,2,176000
781,7153,6,1992,1992,1992.0,2,761,0,7,1603,484,2,175900
782,16285,7,2001,2002,2001.0,2,1413,0,6,1430,605,2,187100
783,9101,5,1978,1978,1978.0,1,1097,1,4,1110,602,2,165500
784,6300,6,1914,2001,1978.5061638868744,2,742,1,9,1484,0,0,128000
785,9790,6,1967,1967,1967.0,2,1372,1,7,1342,457,2,161500
786,10800,5,1915,1950,1961.0,2,686,0,7,1652,416,1,139000
787,10142,7,2004,2004,2004.0,2,956,0,8,2084,618,2,233000
788,6000,4,1954,2000,1954.0,1,901,0,4,901,281,1,107900
789,12205,6,1966,2007,1966.0,2,832,0,9,2087,444,2,187500
790,3182,7,2005,2006,2005.0,2,1145,1,5,1145,397,2,160200
791,11333,6,1976,1976,1976.0,1,1029,2,5,1062,539,2,146800
792,9920,7,1996,1997,1997.0,2,1117,1,8,2013,455,2,269790
793,9158,8,2007,2007,2007.0,2,1496,0,7,1496,474,2,225000
794,10832,7,1994,1996,1994.0,2,712,1,7,1895,409,2,194500
795,8400,6,1980,1981,1980.0,2,650,1,7,1564,476,2,171000
796,8197,6,1977,1977,1977.0,1,660,1,7,1285,528,2,143500
797,7677,5,1953,1953,1953.0,1,773,0,4,773,240,1,110000
799,7200,5,1937,1950,1939.0,1,731,2,7,1768,240,1,175000
800,12798,6,1997,1997,1997.0,2,616,0,8,1688,603,2,200000
801,4800,4,1916,1990,1957.0,1,1196,0,5,1196,440,2,109900
802,8199,7,2005,2005,2005.0,2,728,1,7,1456,410,2,189000
804,9000,5,1954,1954,1954.0,1,936,0,5,1128,286,1,118000
805,12274,7,2008,2008,2008.0,2,1417,0,6,1428,554,2,227680
806,9750,5,1967,1967,1967.0,2,980,0,6,980,384,1,135500
807,21384,5,1923,2004,1923.0,1,1324,1,6,1576,528,2,223500
808,13400,5,1966,1966,1966.0,1,1024,1,6,1086,484,2,159950
810,10140,6,1974,1999,1974.0,1,1040,1,5,1309,484,2,181000
811,4438,6,2004,2004,2004.0,1,848,1,4,848,420,2,144500
813,9750,6,1958,1958,1958.0,1,1442,0,7,1442,301,1,157900
814,8248,5,1918,1950,1955.0,1,686,0,7,1250,280,1,116000
815,12137,7,1998,1998,1998.0,2,1649,0,6,1661,598,2,224900
816,11425,5,1954,1954,1954.0,1,1008,1,4,1008,275,1,137000
817,13265,8,2002,2002,2002.0,2,1568,2,7,1689,857,3,271000
818,8816,6,1971,1971,1971.0,1,1010,0,6,1052,440,2,155000
820,7226,7,2003,2003,2003.0,2,798,0,6,1640,595,2,183000
821,6000,4,1953,1953,1974.0,1,936,0,4,936,576,2,93000
822,12394,7,2003,2003,2003.0,2,847,1,7,1733,433,2,225000
823,9900,6,1940,1950,1940.0,2,778,1,7,1489,240,1,139500
824,11216,8,2006,2006,2006.0,2,1489,1,7,1489,776,2,232600
825,14803,10,2007,2008,2007.0,2,2078,1,7,2084,1220,3,385000
826,6130,5,1924,1950,1978.5061638868744,1,784,0,5,784,0,0,109500
827,8529,7,2001,2001,2001.0,2,1454,1,6,1434,527,2,189000
828,28698,5,1967,1967,1967.0,2,1013,0,7,2126,538,2,185000
829,2544,7,2005,2005,2005.0,2,600,0,4,1223,480,2,147400
830,11900,6,1957,1957,1957.0,1,1392,2,6,1392,458,2,166000
831,3180,7,2005,2005,2005.0,2,600,0,4,1200,480,2,151000
832,9548,7,2003,2003,2003.0,2,941,1,7,1829,613,2,237000
833,10004,6,1964,1964,1964.0,1,1516,0,6,1516,472,2,167000
834,7875,5,1961,1961,1961.0,1,1144,0,6,1144,456,2,139950
835,9600,4,1950,1995,1996.0,2,1067,0,4,1067,436,2,128000
836,8100,5,1948,1973,1948.0,1,1559,0,5,1559,812,2,153500
837,1680,6,1973,1973,1973.0,1,483,0,5,987,264,1,100000
838,9525,5,1995,2006,1999.0,1,1099,0,6,1099,352,1,144000
839,11767,5,1946,1995,1946.0,1,768,0,6,1200,240,1,130500
840,12155,6,1925,1950,1934.0,2,672,0,7,1482,400,1,140000
842,9020,6,1966,1966,1966.0,1,1127,0,6,1165,490,2,174900
843,8000,5,1961,1961,1978.5061638868744,2,1800,0,10,1800,0,0,141000
844,12665,5,1915,1950,1949.0,1,876,1,7,1416,720,3,153900
845,16647,5,1975,1981,1975.0,2,1390,2,6,1701,611,2,171000
846,9317,7,1993,1993,1993.0,2,740,1,7,1775,425,2,213000
847,15523,5,1972,1972,1972.0,1,864,1,5,864,338,1,133500
848,45600,6,1908,1997,1908.0,3,907,1,10,2358,360,2,240000
849,9600,6,1976,1994,1976.0,2,528,1,7,1855,512,2,187000
850,4435,6,2003,2003,2003.0,1,848,0,3,848,420,2,131500
851,3196,8,2003,2003,2003.0,2,1273,1,7,1456,400,2,215000
852,7128,7,1941,1950,1941.0,2,918,2,7,1646,240,1,164000
853,12095,6,1964,1964,1964.0,1,1127,1,7,1445,645,2,158000
854,17920,5,1955,1974,1955.0,1,1763,1,6,1779,454,2,170000
855,6897,5,1962,2010,1962.0,1,1040,0,6,1040,260,1,127000
856,10970,6,1978,1978,1981.0,1,940,0,5,1026,576,2,147000
857,8125,6,1994,1995,1994.0,2,702,1,6,1481,343,2,174000
858,10400,7,1976,1976,1976.0,2,1090,1,6,1370,479,2,152000
860,7642,7,1918,1998,1925.0,1,912,1,7,1426,216,1,189950
861,11625,5,1965,1965,1965.0,1,1039,0,6,1039,504,2,131500
862,9672,6,1984,1985,1986.0,2,1040,0,6,1097,480,2,152000
863,7931,5,1959,1959,1959.0,1,1148,0,6,1148,672,1,132500
864,8640,7,2007,2008,2008.0,2,1372,0,6,1372,529,2,250580
865,8750,5,1970,1970,1973.0,1,1002,0,5,1002,902,2,148500
866,10656,8,2006,2007,2007.0,2,1638,1,6,1646,870,3,248900
867,6970,4,1961,1961,1961.0,1,1040,0,5,1120,544,2,129000
869,9938,7,1993,1994,1993.0,2,1050,1,8,1949,574,2,236000
870,6600,5,1962,1962,1962.0,1,894,0,5,894,308,1,109500
871,8750,6,1998,1998,1998.0,2,804,0,7,1682,523,2,200500
873,12144,5,1949,1950,1949.0,1,832,1,6,1268,288,1,133000
874,5720,5,1941,1950,1941.0,1,676,0,5,1131,200,1,66500
875,9000,8,2007,2007,2007.0,2,1184,1,11,2610,550,2,303477
876,25286,4,1963,1963,1963.0,1,1064,0,5,1040,648,2,132250
877,8834,9,2004,2005,2004.0,2,1462,1,10,2224,738,3,350000
878,11782,5,1961,1995,1987.0,1,1109,0,6,1155,576,2,148000
879,7000,5,1978,2005,1978.0,1,864,0,6,864,336,1,136500
880,7024,5,2005,2006,2005.0,1,1090,0,5,1090,450,2,157000
881,13758,7,1990,1991,1990.0,2,1156,1,7,1717,400,2,187500
882,9636,6,1992,1993,1993.0,2,808,1,7,1593,389,2,178000
883,6204,4,1912,1950,1997.0,1,795,0,10,2230,440,1,118500
884,7150,5,1967,1967,1967.0,1,892,0,5,892,288,1,100000
885,5119,9,1999,2000,1999.0,2,1698,1,5,1709,506,2,328900
886,8393,5,1959,2005,2005.0,2,1626,0,8,1712,588,2,145000
887,16466,5,1955,1955,1955.0,1,816,0,8,1393,300,1,135500
889,12160,6,1953,1953,1953.0,1,1505,1,6,1505,505,2,149500
890,8064,5,1949,2006,2003.0,1,672,1,6,924,576,2,122900
891,11184,6,1978,1978,1978.0,2,918,1,7,1683,440,2,172500
892,8414,6,1963,2003,1963.0,1,1059,0,6,1068,264,1,154500
893,13284,5,1954,1954,1954.0,1,1383,1,6,1383,354,1,165000
895,7056,6,1963,1963,1963.0,1,780,1,8,1796,483,2,140000
896,8765,4,1936,1950,1936.0,1,951,0,6,951,327,1,106500
899,6993,5,1961,1994,1961.0,1,912,1,6,1236,288,1,135000
900,7340,4,1971,1971,1979.0,1,858,0,4,858,684,1,110000
901,8712,5,1957,2000,1968.0,1,992,0,5,1306,756,1,153000
902,7875,7,2003,2003,2003.0,2,783,1,8,1509,393,2,180000
903,14859,7,2006,2006,2006.0,2,1670,1,7,1670,690,3,240000
904,6173,5,1967,1967,1967.0,1,876,0,6,902,288,1,125500
905,9920,5,1954,1954,1954.0,1,1056,0,6,1063,280,1,128000
906,13501,8,2006,2006,2006.0,2,1623,1,8,1636,865,3,255000
907,11500,7,1936,1987,1936.0,1,1017,1,6,2057,180,1,250000
908,8885,5,1983,1983,1983.0,1,864,0,5,902,484,2,131000
909,12589,6,2005,2005,2005.0,2,742,1,8,1484,390,2,174000
910,11600,5,1960,1960,1960.0,2,1105,0,12,2274,480,2,154300
911,9286,5,1977,1989,1978.0,1,1268,0,5,1268,252,1,143500
912,6120,5,1925,1950,1925.0,1,768,0,6,1015,450,1,88000
913,6270,5,1949,1950,1949.0,2,1001,0,8,2002,871,3,145000
914,3000,6,2009,2009,2009.0,2,612,0,4,1224,528,2,173733
915,2001,4,1970,1970,1970.0,1,546,0,6,1092,286,1,75000
917,17140,4,1956,1956,1956.0,1,1134,0,6,1229,284,1,135000
918,13125,7,1991,1991,1991.0,2,1104,1,8,2127,833,3,238000
919,11029,6,1958,2002,1990.0,1,1184,1,6,1414,601,2,176500
920,8462,6,1994,1994,1994.0,2,928,0,7,1721,471,2,201000
922,10237,6,2005,2006,2005.0,2,1316,1,6,1316,397,2,169990
923,8012,6,1993,1994,1993.0,2,1604,1,5,1617,533,2,193000
924,10240,6,1980,1980,1980.0,2,1686,1,7,1686,612,2,207500
925,15611,5,1977,1977,1977.0,2,1126,0,6,1126,540,2,175000
926,11999,8,2003,2004,2003.0,2,1181,1,10,2374,656,3,285000
927,9900,7,1968,1968,1968.0,2,832,1,9,1978,486,2,176000
928,11838,8,2001,2001,2001.0,2,1753,1,7,1788,522,2,236500
929,13006,7,1997,1997,1997.0,2,964,1,8,2236,642,2,222000
930,8925,8,2007,2007,2007.0,2,1466,0,7,1466,610,3,201000
931,9100,5,1965,1965,1965.0,1,925,0,5,925,429,1,117500
932,11670,9,2006,2006,2006.0,2,1905,1,8,1905,788,3,320000
933,8487,7,2004,2004,2004.0,2,1500,0,6,1500,570,2,190000
934,27650,7,1960,2007,1960.0,2,585,1,9,2069,505,2,242000
935,5825,4,1926,1953,1953.0,1,600,0,5,747,528,2,79900
936,10083,7,2003,2003,2003.0,2,1176,0,5,1200,555,2,184900
937,9675,7,2005,2005,2005.0,2,1113,1,8,1971,689,2,253000
938,8760,7,2006,2006,2006.0,2,1391,0,7,1962,868,3,239799
939,24090,7,1940,1950,1940.0,2,1032,2,10,2403,349,1,244400
940,12640,6,1976,1976,1976.0,2,1728,0,8,1728,574,2,150900
941,8755,7,1999,1999,1999.0,2,992,1,8,2060,390,2,214000
942,7711,4,1977,1977,1978.5061638868744,2,1440,0,8,1440,0,0,150000
943,25000,5,1967,1967,1967.0,2,1632,0,8,1632,576,2,143000
944,14375,6,1958,1958,1958.0,1,819,1,7,1344,525,2,137500
946,8163,5,1959,1959,1959.0,1,1144,1,6,1144,796,1,143000
947,14536,8,2002,2003,2002.0,2,1616,1,9,1629,808,3,270000
948,14006,7,2002,2002,2002.0,2,936,1,7,1776,474,2,192500
949,9360,6,1972,2006,1972.0,1,1161,1,5,1381,676,2,197500
950,7200,5,1950,2002,1980.0,1,864,0,5,864,720,2,129000
951,7800,5,1965,1965,1979.0,1,828,0,6,965,300,1,119900
952,7200,5,1972,2003,1974.0,1,768,0,5,768,396,1,133900
953,11075,5,1969,1969,1969.0,2,784,1,7,1968,530,2,172000
954,9400,6,1975,1975,1978.5061638868744,2,945,0,4,980,0,0,127500
955,7136,6,1946,1950,1946.0,2,979,0,8,1958,492,2,145000
956,1300,6,1980,1980,1980.0,1,561,1,5,1229,462,2,124000
957,7420,5,1962,1962,1977.0,1,1057,0,6,1057,576,2,132000
958,8450,7,2003,2003,2003.0,2,1337,0,6,1337,531,2,185000
959,2572,7,1999,1999,1999.0,2,696,0,6,1416,484,2,155000
960,7207,5,1958,2008,1978.5061638868744,1,858,0,4,858,0,0,116500
962,2308,6,1976,1976,1976.0,2,804,1,7,1548,440,2,155000
963,11923,9,2007,2007,2007.0,2,1800,0,7,1800,702,2,239000
964,11316,7,2002,2003,2002.0,2,817,1,8,1894,510,2,214900
965,10237,6,2005,2007,2005.0,2,783,1,8,1484,393,2,178900
966,9600,5,1940,1950,1940.0,1,728,2,7,1308,256,1,160000
967,7390,5,1955,1955,1955.0,1,1098,0,6,1098,260,1,135000
969,10382,6,1958,1958,1958.0,1,588,0,6,1095,264,1,140000
970,10800,4,1949,1950,1978.5061638868744,1,720,0,6,1192,0,0,135000
971,2268,7,2003,2004,2003.0,2,764,0,6,1626,474,2,173000
972,7892,6,1979,1979,1979.0,2,918,1,5,918,264,1,99500
973,11639,7,2007,2008,2007.0,2,1428,0,6,1428,480,2,182000
974,11414,7,1910,1993,1997.0,1,728,0,8,2019,532,2,167500
975,2651,7,2000,2000,2000.0,2,673,0,6,1382,490,2,165000
976,5900,4,1923,1958,1978.5061638868744,1,440,0,4,869,0,0,85500
977,4274,7,2006,2007,2007.0,1,1241,0,4,1241,569,2,199900
978,9450,4,1954,1954,1999.0,1,894,0,5,894,400,2,110000
979,8816,5,1963,1963,1963.0,1,1121,0,5,1121,480,2,139000
980,12122,7,1961,2007,1961.0,1,944,0,6,999,588,2,178400
981,12203,8,1998,1999,1998.0,2,1225,1,8,2612,676,3,336000
982,3182,7,2007,2007,2007.0,2,1266,1,6,1266,388,2,159895
983,11250,8,2002,2002,2002.0,2,1128,1,9,2290,779,2,255900
985,10880,5,1950,1950,1950.0,1,1164,0,5,1164,240,1,125000
986,5310,6,1910,2003,1950.0,1,485,0,5,1635,255,1,117000
988,12046,6,1976,1976,1976.0,2,848,1,8,2030,551,2,195000
989,8125,7,2006,2006,2006.0,2,770,0,6,1576,614,2,197000
990,9452,8,1997,1998,1997.0,2,1396,1,7,2392,870,3,348000
992,9760,6,1964,1993,1964.0,2,822,1,7,1851,440,2,187000
993,8846,6,2005,2006,2005.0,2,750,0,6,1500,564,2,173900
994,12456,10,2006,2007,2008.0,2,1700,1,7,1718,786,3,337500
995,4712,4,1946,1950,1946.0,1,747,0,5,1230,305,1,121600
996,10659,5,1961,1961,1961.0,1,1050,0,6,1050,368,1,136500
997,11717,6,1970,1970,1970.0,2,1442,1,6,1442,615,2,185000
998,9786,3,1922,1950,1922.0,1,1007,1,6,1077,210,1,91000
999,6762,7,2006,2006,2006.0,2,1187,0,6,1208,632,2,206000
1001,5400,5,1920,1950,1920.0,1,691,0,4,691,216,1,86000
1002,11957,8,2006,2006,2006.0,2,1574,1,7,1574,824,3,232000
1003,11500,5,1976,1976,1976.0,2,1680,0,8,1680,528,2,136905
1004,3182,7,2005,2006,2005.0,2,1346,1,7,1504,457,2,181000
1005,8385,5,1977,1977,1977.0,2,985,0,6,985,328,1,149900
1006,12155,6,1970,1970,1970.0,2,1657,1,7,1657,484,2,163500
1007,2217,4,1970,1970,1970.0,1,546,0,6,1092,286,1,88000
1008,12118,7,2004,2005,2004.0,2,1710,1,7,1710,550,2,240000
1009,6000,5,1926,1950,1978.5061638868744,2,1008,0,7,1522,0,0,102000
1010,21286,5,1948,1950,1948.0,2,720,1,7,1271,312,1,135000
1012,10592,6,1923,1996,1923.0,1,602,2,7,1502,180,1,165000
1013,7200,5,1910,2006,1956.0,1,1022,0,4,1022,280,1,85000
1014,11664,6,1948,1950,1948.0,1,1082,1,5,1082,240,1,119200
1015,8400,8,2001,2001,2001.0,2,810,0,6,1665,528,2,227000
1016,11883,7,1996,1996,1996.0,2,1504,1,6,1504,478,2,203000
1017,5814,8,1984,1984,1984.0,1,1220,1,4,1360,565,2,187500
1018,10784,7,1991,1992,1991.0,2,384,1,7,1472,402,2,160000
1019,3013,7,2005,2005,2005.0,2,1362,1,6,1506,440,2,213490
1020,7024,4,2005,2005,2005.0,1,1132,0,5,1132,451,2,176000
1021,7406,7,2006,2006,2006.0,2,1199,0,6,1220,632,2,194000
1022,9439,5,1930,1950,1957.0,1,912,0,6,1248,160,1,87000
1023,3182,7,2005,2006,2005.0,2,1346,1,7,1504,437,2,191000
1025,7700,5,1972,1972,1980.0,1,882,0,5,882,461,2,112500
1026,9300,5,1960,1960,1960.0,1,1268,2,6,1264,461,2,167500
1027,9520,8,2007,2008,2008.0,2,1638,1,7,1646,800,3,293077
1028,9492,5,1941,1950,1941.0,1,768,1,6,1376,240,1,105000
1029,1680,6,1972,1972,1972.0,1,672,0,7,1218,264,1,118000
1030,7082,5,1916,1995,1978.5061638868744,2,686,0,10,1928,0,0,160000
1032,14541,8,1993,1993,1993.0,2,1338,1,10,2520,796,3,310000
1033,8125,7,2002,2002,2002.0,2,1654,0,6,1654,900,3,230000
1034,6305,5,1938,1950,1938.0,1,920,1,5,954,240,1,119750
1036,12898,9,2007,2008,2008.0,2,1620,1,6,1620,912,3,315500
1037,9240,8,2001,2002,2001.0,2,1055,1,7,2263,905,2,287000
1038,1533,4,1970,2008,1978.5061638868744,1,546,1,6,1344,0,0,97000
1039,1477,4,1970,1970,1970.0,1,630,0,3,630,286,1,80000
1040,13125,5,1957,2000,1957.0,2,1134,1,8,1803,484,2,155000
1041,9130,6,1966,2000,1966.0,1,800,0,7,1632,484,2,173000
1042,5381,6,2005,2005,2005.0,2,1306,1,5,1306,624,2,196000
1043,11839,7,1990,1990,1990.0,2,1475,1,10,2329,514,2,262280
1047,9245,5,1994,1995,1996.0,1,990,0,5,990,672,2,145000
1050,8993,7,2007,2007,2007.0,2,1302,0,6,1302,436,2,176485
1051,11175,7,2007,2007,2007.0,2,1316,1,6,1316,440,2,200141
1052,9500,6,1964,1978,1964.0,1,816,1,9,1977,540,2,165000
1053,8562,5,1957,2002,1957.0,1,1216,1,7,1526,364,1,144500
1054,11367,8,2002,2002,2002.0,2,1065,1,7,1989,586,2,255000
1055,11361,6,1976,1976,1976.0,2,1193,1,7,1523,478,2,180000
1056,7052,7,2005,2005,2005.0,2,1364,1,6,1364,484,2,185850
1057,29959,7,1994,1994,1994.0,2,973,1,7,1850,467,2,248000
1058,11308,9,2008,2008,2008.0,2,1104,1,10,2184,836,3,335000
1059,11275,6,1932,1950,1977.0,1,854,1,7,1991,432,2,220000
1060,4920,8,2001,2001,2001.0,2,1338,0,6,1338,582,2,213500
1061,18000,3,1935,1950,1994.0,1,894,0,6,894,1248,3,81000
1063,6000,6,1925,1980,1976.0,1,1103,1,5,1103,440,2,110500
1064,11000,5,1966,1966,1966.0,1,1154,1,6,1154,480,2,154000
1065,14000,7,1996,1997,1996.0,2,1306,0,7,2260,533,2,328000
1066,7837,6,1993,1994,1993.0,2,799,1,7,1571,380,2,178000
1067,9760,6,1964,1964,1964.0,1,780,0,7,1611,442,2,167900
1068,3964,6,1973,1973,1973.0,2,942,1,10,2521,576,2,151400
1069,9600,5,1949,2003,1985.0,1,845,0,4,893,576,2,135000
1070,10152,5,1956,1956,1956.0,1,1048,0,6,1048,286,1,135000
1071,11700,6,1968,1968,1968.0,1,727,0,8,1556,441,2,154000
1072,7585,5,1948,1950,1954.0,1,810,1,7,1456,280,1,91500
1073,7950,6,1977,1977,1977.0,1,690,0,6,1426,440,2,159500
1074,8556,7,2006,2006,2006.0,2,1240,0,5,1240,826,3,194000
1075,13125,7,1940,1984,1940.0,1,800,2,6,1740,240,1,219500
1076,10800,5,1936,1989,1950.0,2,796,1,7,1466,566,2,170000
1077,15870,5,1969,1969,1969.0,1,1096,0,6,1096,299,1,138800
1078,4435,6,2004,2004,2004.0,1,848,1,3,848,420,2,155900
1079,8775,5,1994,1994,1996.0,1,990,0,5,990,299,1,126000
1080,11040,6,1971,2004,1971.0,2,1258,0,5,1258,528,2,145000
1081,7500,5,1963,1963,1963.0,1,1040,0,5,1040,308,1,133000
1082,8749,7,2002,2002,2002.0,2,1459,1,6,1459,527,2,192000
1083,8800,6,1964,1964,1964.0,1,1251,2,6,1251,461,1,160000
1084,13031,6,1995,1996,1995.0,2,691,1,6,1498,409,2,187500
1085,9069,6,1992,1992,1992.0,1,936,0,5,996,564,2,147000
1086,1974,4,1973,1973,1973.0,1,546,0,6,1092,286,1,83500
1087,10574,8,2005,2006,2005.0,2,1082,1,9,1953,1043,3,252000
1088,2522,7,2004,2004,2004.0,2,970,0,7,1709,380,2,137500
1089,3316,8,2005,2005,2005.0,1,1247,1,4,1247,550,2,197000
1091,2160,7,1999,2000,1999.0,2,600,0,4,1252,462,2,160000
1092,8400,6,1925,1950,1925.0,2,1181,1,7,1694,576,2,136500
1093,9230,5,1965,1998,1977.0,1,864,0,6,1200,884,2,146000
1094,5868,5,1956,2000,1956.0,1,936,0,4,936,308,1,129000
1095,9317,6,2006,2006,2006.0,2,1314,1,6,1314,440,2,176432
1096,6882,6,1914,2006,1978.5061638868744,1,684,0,7,1355,0,0,127000
1097,3696,8,1986,1986,1987.0,1,1074,0,5,1088,461,2,170000
1098,6000,4,1936,1950,1936.0,1,672,0,6,1324,240,1,128000
1099,11880,7,1978,1978,1978.0,2,1271,1,7,1601,478,2,157000
1101,9758,5,1971,1971,1981.0,1,950,0,5,950,280,1,119500
1102,7000,5,1960,2002,1960.0,1,1010,0,6,1134,254,1,135000
1103,8910,6,1959,1959,1954.0,1,655,1,6,1194,539,2,159500
1104,2016,5,1970,1970,1970.0,2,630,0,6,1302,440,2,106000
1105,12256,8,1994,1995,1994.0,2,1463,2,9,2622,712,2,325000
1106,10357,7,1990,1991,1990.0,2,910,1,6,1442,719,2,179900
1107,23257,7,2006,2006,2006.0,2,868,1,9,2021,422,2,274725
1108,8063,6,2000,2000,2000.0,2,924,1,7,1690,463,2,181000
1109,11362,8,2004,2005,2004.0,2,1836,1,7,1836,862,3,280000
1110,8000,6,1995,1996,1995.0,2,773,1,8,1658,431,2,188000
1111,10480,7,1976,1976,1976.0,2,803,1,8,1964,483,2,205000
1112,7100,5,1957,1957,1957.0,1,816,0,5,816,308,1,129900
1113,8923,5,1953,2006,1953.0,1,1008,0,6,1008,240,1,134500
1114,5400,5,1954,2000,1955.0,1,833,0,4,833,326,1,117000
1115,12085,8,2007,2007,2007.0,2,1734,1,7,1734,928,3,318000
1116,7750,8,2002,2002,2002.0,2,408,1,7,1419,527,2,184100
1117,9764,5,1967,2003,1967.0,1,894,0,5,894,450,2,130000
1118,13825,5,1958,1987,1958.0,1,533,0,6,1601,300,1,140000
1119,7560,5,1959,1959,1959.0,1,1040,0,6,1040,286,1,133700
1120,8263,6,1920,1950,1920.0,1,1012,1,6,1012,308,1,118400
1121,10084,7,2005,2006,2005.0,2,1552,0,7,1552,782,3,212900
1122,8926,4,1956,1956,1956.0,1,672,0,5,960,288,1,112000
1123,9405,5,1947,2008,1978.5061638868744,1,698,0,4,698,0,0,118000
1124,9125,7,1992,1992,1992.0,2,384,1,7,1482,392,2,163900
1125,10434,4,1955,1955,1977.0,1,1005,1,5,1005,672,2,115000
1126,3684,7,2007,2007,2007.0,2,1373,1,7,1555,660,3,174000
1127,14572,7,2004,2004,2004.0,2,1530,1,7,1530,630,3,259000
1128,11796,7,2004,2005,2004.0,2,847,1,8,1959,434,2,215000
1129,7200,5,1980,1980,1980.0,1,936,0,4,936,672,2,140000
1130,7804,4,1928,1950,1981.0,2,1122,2,7,1981,576,2,135000
1131,10712,5,1991,1992,1978.5061638868744,1,974,0,5,974,0,0,93500
1133,9828,8,1995,1995,1995.0,2,1128,1,8,2020,466,2,239500
1134,8773,6,1997,1997,1997.0,2,916,1,7,1600,460,2,169000
1135,6180,6,1926,1950,1926.0,1,960,1,5,986,180,1,102000
1136,9600,6,1950,1950,1950.0,1,1032,0,6,1252,288,1,119000
1138,9819,6,1977,1977,1977.0,2,1567,2,5,1567,714,2,196000
1139,8731,5,1920,1950,1972.0,1,915,1,6,1167,495,2,144000
1140,7350,5,1951,1951,1988.0,1,952,0,4,952,840,2,139000
1141,10304,5,1976,1976,1976.0,2,780,1,9,1868,484,2,197500
1143,9000,5,1959,1959,1978.5061638868744,1,1006,0,5,1006,0,0,80000
1144,12180,4,1941,1950,1941.0,1,672,0,5,924,280,1,80000
1145,6240,5,1928,1950,1928.0,1,1042,1,8,1576,225,1,149000
1146,11200,6,1985,1985,1985.0,2,1298,1,5,1298,403,2,180000
1147,12000,7,1941,1950,1941.0,1,704,1,7,1564,234,1,174500
1148,5700,7,1926,1950,1982.0,1,572,1,5,1111,288,1,116900
1149,9000,7,1920,1988,1930.0,1,650,0,7,1482,324,2,143000
1150,8280,6,1950,1950,1950.0,1,932,1,4,932,306,1,124000
1151,17755,5,1959,1959,1959.0,1,1466,2,6,1466,528,2,149900
1152,14115,6,1956,2004,1956.0,1,1073,1,6,1811,470,2,230000
1153,5890,6,1930,2007,2002.0,1,816,0,5,816,432,1,120500
1154,13700,7,1965,1988,1965.0,1,864,2,8,1820,492,2,201800
1155,10768,5,1976,2004,1976.0,2,1437,1,6,1437,528,2,218000
1156,9350,5,1965,1999,1965.0,2,1219,1,6,1265,502,2,179900
1157,5001,7,2007,2008,2008.0,2,1314,1,6,1314,626,2,230000
1158,11932,8,2007,2008,2008.0,2,1580,0,7,1580,830,3,235128
1159,9120,6,1974,1974,1974.0,2,901,1,8,1876,540,2,185000
1160,2280,6,1978,1978,1978.0,2,855,1,7,1456,440,2,146000
1161,14778,6,1954,2006,1993.0,1,1296,1,7,1640,924,2,224000
1162,8724,5,1968,1968,1968.0,1,894,1,5,894,450,2,129000
1163,12900,4,1969,1969,1969.0,0,1198,0,6,1258,400,2,108959
1164,16157,5,1978,1978,1978.0,1,1360,1,5,1432,588,2,194000
1165,9541,7,2009,2009,2009.0,2,1502,0,7,1502,644,2,233170
1166,10475,8,2008,2008,2008.0,2,1694,0,7,1694,776,3,245350
1167,10852,6,2000,2000,2000.0,2,959,1,7,1671,472,2,173000
1168,13728,6,1935,1986,1935.0,2,1127,2,7,2108,540,2,235000
1170,9880,6,1977,1977,1977.0,1,1096,1,6,1118,358,1,171000
1171,9120,6,1958,1958,1958.0,1,1261,1,6,1261,433,2,163000
1172,4017,7,2006,2007,2006.0,2,625,0,5,1250,625,2,171900
1174,16560,6,1932,1950,1932.0,2,952,1,9,2345,360,2,239000
1176,6951,5,1984,1985,1984.0,1,876,0,5,923,264,1,119500
1177,3950,6,1926,2004,1926.0,1,818,0,5,1224,210,1,115000
1178,7681,5,1921,1950,1921.0,1,731,1,7,1343,186,1,154900
1180,11170,7,1990,1991,1990.0,2,1216,0,8,2514,693,2,250000
1181,5587,8,2008,2008,2008.0,2,1600,1,5,1652,482,2,392500
1183,10800,5,1920,1950,1970.0,1,1120,1,5,1130,720,2,120000
1184,35133,5,1963,1963,1963.0,1,1572,2,5,1572,995,3,186700
1185,9738,5,1924,1950,1965.0,1,784,0,7,1221,392,1,104900
1187,12461,8,1994,1995,1994.0,2,1624,1,5,1624,757,3,262000
1188,8935,7,2002,2002,2002.0,2,831,0,7,1660,493,2,195000
1189,7500,7,1999,1999,1999.0,2,994,1,7,1804,442,2,189000
1190,32463,4,1961,1975,1975.0,1,1249,1,7,1622,1356,4,168000
1191,2645,8,1999,2000,1999.0,2,776,0,5,1441,492,2,174000
1192,9600,5,1925,1994,1925.0,1,702,0,6,1472,250,1,125000
1193,4500,6,1999,1999,1999.0,2,1224,0,5,1224,402,2,165000
1194,9364,6,1969,1969,1969.0,1,663,0,7,1352,299,1,158000
1195,8029,6,2005,2005,2005.0,2,728,0,8,1456,400,2,176000
1196,14054,7,2006,2006,2006.0,2,879,1,9,1863,660,3,219210
1197,8850,7,1916,1950,1916.0,1,815,1,7,1690,225,1,144000
1198,9100,7,2001,2001,2001.0,2,1212,0,6,1212,573,2,178000
1199,11235,4,1963,1979,1974.0,1,1051,1,6,1382,459,2,148000
1200,9353,4,1970,1970,1972.0,1,864,0,5,864,280,1,116050
1201,10400,7,1998,1998,1998.0,2,866,0,6,1779,546,2,197900
1202,6000,5,1925,1997,1960.0,1,884,1,5,1348,216,1,117000
1203,9750,7,2000,2001,2000.0,2,1630,1,6,1630,451,2,213000
1204,10140,5,1975,1975,1975.0,1,1056,0,6,1074,495,2,153500
1206,8900,4,1966,1966,1966.0,1,1056,0,5,1056,384,1,107000
1207,9135,6,2003,2003,2003.0,2,1682,0,7,1700,544,2,200000
1208,7763,5,1962,1980,1980.0,1,931,0,6,1283,506,2,140000
1209,10182,8,2006,2006,2006.0,2,1660,1,8,1660,500,2,290000
1210,11218,6,1992,1992,1992.0,2,1055,1,8,1845,462,2,189000
1211,12134,8,1988,2005,1988.0,2,559,0,8,1752,492,2,164000
1212,9340,4,1941,1950,1941.0,1,672,0,4,672,234,1,113000
1213,10246,4,1965,2001,1965.0,0,648,0,3,960,364,1,145000
1214,10205,5,1962,1962,1962.0,1,925,0,6,999,300,1,134500
1215,7094,5,1966,1966,1966.0,1,894,0,5,894,384,1,125000
1217,8640,8,2009,2009,2009.0,2,1300,0,6,1314,552,2,229456
1219,1680,6,1971,1971,1978.5061638868744,1,672,0,7,1218,0,0,91500
1220,7800,5,1964,1964,1964.0,1,912,0,5,912,288,1,115000
1221,8250,5,1968,1968,1968.0,1,952,1,5,1211,322,1,134000
1222,10496,6,1949,1950,1949.0,2,1040,1,7,1846,315,1,143000
1224,15384,7,2004,2005,2004.0,2,788,1,8,1490,388,2,184000
1225,10482,6,1958,1958,1958.0,1,588,0,6,1138,264,1,145000
1226,14598,6,2007,2007,2007.0,2,894,1,9,1933,668,3,214000
1227,8872,5,1965,2008,1992.0,1,912,0,5,912,576,2,147000
1228,8769,9,2008,2008,2008.0,1,1702,1,7,1702,1052,3,367294
1229,7910,5,1960,1960,1960.0,2,1075,0,7,1507,404,1,127000
1230,18890,5,1977,1977,1977.0,2,1361,1,12,2620,600,2,190000
1231,7728,5,1962,1962,1962.0,1,1106,0,6,1190,540,2,132500
1233,12160,5,1959,1959,1959.0,1,1188,0,6,1188,531,2,142000
1234,8525,5,1911,1950,1978.5061638868744,1,940,0,7,1964,0,0,130000
1235,13132,5,1914,1950,1914.0,1,747,0,9,1784,180,1,138887
1236,2628,7,2003,2003,2003.0,2,764,0,6,1626,474,2,175500
1237,12393,7,2004,2005,2004.0,2,847,1,8,1948,434,2,195000
1238,13072,6,2005,2005,2005.0,1,1141,0,6,1141,484,2,142500
1239,9037,8,2006,2006,2006.0,2,1476,1,6,1484,472,2,265900
1240,8158,7,2003,2003,2003.0,2,884,0,8,1768,543,2,224900
1241,9849,7,2007,2007,2007.0,2,1689,0,7,1689,954,3,248328
1242,10625,7,1974,1974,1974.0,2,1053,2,6,1173,528,2,170000
1243,13891,10,2006,2006,2006.0,2,2076,1,7,2076,850,3,465000
1244,11435,8,1929,1950,1931.0,1,792,2,7,1517,400,2,230000
1245,12090,6,1984,2003,1984.0,3,585,1,7,1868,477,2,178000
1246,8125,7,2005,2006,2005.0,2,756,0,6,1553,615,2,186500
1247,12328,6,1976,1976,1976.0,1,1012,0,6,1034,888,3,169900
1248,9600,6,1917,1950,1950.0,1,735,1,8,2058,396,2,129500
1249,7200,5,1950,1950,1950.0,1,876,0,6,988,276,1,119000
1250,11160,7,1968,1968,1968.0,2,2110,2,8,2110,522,2,244000
1251,3136,7,2003,2003,2003.0,2,1405,1,6,1405,478,2,171750
1252,9858,5,1968,1968,1968.0,1,864,0,5,874,288,1,130000
1253,17542,7,1974,2003,1974.0,2,1192,2,9,2167,518,2,294000
1254,6931,7,2003,2004,2003.0,2,746,1,7,1656,397,2,165400
1255,6240,6,1931,1950,1978.0,1,884,1,6,1367,560,1,127500
1256,14303,8,1994,1994,1994.0,2,1986,1,7,1987,691,2,301500
1257,4060,5,1922,1950,1978.5061638868744,1,864,0,4,864,0,0,99900
1258,9587,7,2005,2005,2005.0,2,856,0,5,1166,400,2,190000
1259,9750,6,1969,1969,1969.0,1,1054,0,6,1054,460,2,151000
1260,24682,6,1999,1999,1999.0,2,841,1,7,1675,502,2,181000
1261,9600,5,1956,1956,1956.0,1,1050,0,5,1050,338,1,128900
1262,11250,4,1957,1989,1957.0,1,1104,2,8,1788,304,1,161500
1263,13515,6,1919,1950,1940.0,1,764,1,8,1824,520,2,180500
1264,4060,6,1998,1999,1998.0,2,1405,0,5,1337,511,2,181000
1265,3735,7,1999,1999,1999.0,2,691,0,6,1452,506,2,183900
1266,10120,7,1910,1950,1960.0,1,925,1,9,1889,308,1,122000
1267,13214,9,2008,2009,2009.0,2,2002,1,10,2018,746,3,378500
1269,11344,5,1958,1958,1958.0,1,874,0,7,1524,315,1,144000
1270,23595,7,1979,1979,1979.0,0,1332,1,4,1524,586,2,260000
1271,9156,6,1968,1968,1968.0,2,1489,1,7,1489,462,2,185750
1272,13526,5,1965,1965,1965.0,1,935,0,5,935,288,1,137000
1273,11512,6,1959,2006,1959.0,1,1019,1,5,1357,312,1,177000
1274,5362,5,1910,2003,1985.0,2,661,1,8,1250,552,2,139000
1275,11345,5,1948,1950,1948.0,2,928,0,10,1920,400,2,137000
1276,12936,6,1972,1972,1972.0,1,723,1,6,1395,497,2,162000
1277,17871,6,1967,1976,1967.0,1,1680,1,7,1724,480,2,197900
1278,9473,8,2002,2002,2002.0,2,1128,1,7,2031,577,2,237000
1279,7500,4,1920,1950,1980.0,1,698,0,6,1128,528,2,68400
1280,9808,7,2002,2002,2002.0,2,1573,0,6,1573,544,2,227000
1281,8049,7,1990,1990,1990.0,2,1309,1,6,1339,484,2,180000
1282,8800,5,1977,2008,1977.0,2,1040,0,5,1040,484,2,150500
1283,9400,6,1971,1971,1978.5061638868744,2,912,0,8,1824,0,0,139000
1284,9638,6,1919,1990,1969.0,2,804,1,10,2447,336,1,169000
1285,6000,6,1939,1950,1939.0,1,780,1,6,1412,280,1,132500
1286,9790,6,1963,1963,1963.0,1,1328,2,6,1328,528,2,143000
1287,36500,5,1964,1964,1964.0,2,1624,0,7,1582,390,2,190000
1288,5664,8,2000,2000,2000.0,2,1501,1,5,1659,499,2,278000
1289,11065,8,2006,2006,2006.0,2,1085,1,8,1970,753,3,281000
1290,14112,5,1964,1964,1964.0,1,1152,1,6,1152,484,2,180500
1291,1680,5,1972,1972,1972.0,2,630,0,6,1302,264,1,119500
1293,10140,7,1976,1976,1976.0,2,832,1,8,1664,528,2,162900
1294,8172,5,1955,1990,1957.0,1,864,0,5,864,572,2,115000
1295,8400,5,1968,1968,1968.0,1,1052,0,5,1052,288,1,138500
1296,8700,5,1963,1963,1963.0,2,1120,0,6,1128,525,2,155000
1297,3675,6,2005,2006,2005.0,2,547,0,5,1072,525,2,140000
1299,7500,5,1959,1994,1959.0,1,1246,0,6,1246,305,1,154000
1300,10762,7,1999,1999,1999.0,2,978,1,9,1983,490,2,225000
1301,7500,6,1942,1950,1942.0,1,771,2,7,1494,213,1,177500
1302,10120,8,1994,1994,1994.0,2,1165,1,8,2526,844,3,290000
1303,8688,7,2005,2005,2005.0,2,1616,0,7,1616,834,3,232000
1304,3363,7,2004,2004,2004.0,2,976,0,7,1708,380,2,130000
1305,13173,9,2006,2007,2006.0,2,1652,2,6,1652,840,2,325000
1306,6955,7,2005,2006,2005.0,2,1368,1,6,1368,474,2,202500
1307,8072,5,1994,1995,2000.0,1,990,0,5,990,480,2,138000
1308,12000,5,1948,2005,1948.0,1,924,0,6,1122,528,2,147000
1309,7153,6,1991,1991,1991.0,2,1278,0,6,1294,496,2,179200
1310,17500,7,1959,2002,1959.0,2,1902,2,7,1902,567,2,335000
1311,8814,7,2005,2007,2005.0,2,1274,0,6,1274,508,2,203000
1313,14774,9,1999,1999,1999.0,2,1393,1,10,2599,779,3,333168
1314,8190,4,1954,1954,1956.0,1,948,1,5,948,280,1,119000
1315,11075,6,1969,1969,1969.0,2,952,2,9,2112,576,2,206900
1316,10226,8,2008,2008,2008.0,2,1622,1,8,1630,860,3,295493
1317,4230,7,2006,2007,2006.0,2,1352,1,5,1352,466,2,208900
1318,14781,8,2001,2002,2001.0,2,1753,1,7,1787,748,3,275000
1319,10215,4,1954,1954,1954.0,1,864,0,5,948,248,1,111000
1320,8400,6,1957,1957,1957.0,1,1478,2,6,1478,442,2,156500
1322,10186,7,1992,1992,1992.0,2,750,1,8,1923,564,2,190000
1323,5330,4,1940,1950,1978.5061638868744,1,420,0,5,708,0,0,82500
1324,9986,8,2006,2007,2007.0,2,1795,1,7,1795,895,3,147000
1326,4270,3,1931,2006,1978.5061638868744,1,544,0,6,774,0,0,79000
1327,6600,5,1982,2008,1982.0,1,816,1,5,816,264,1,130500
1329,9084,7,1998,1998,1998.0,2,935,1,8,1632,462,2,176500
1330,10000,8,2006,2006,2006.0,2,1588,1,7,1588,825,3,227000
1331,10780,5,1976,1976,1976.0,1,911,0,6,954,576,2,132500
1332,8877,4,1938,1958,1958.0,1,816,1,3,816,288,1,100000
1333,7200,5,1938,1995,1951.0,1,803,0,6,1360,297,1,125500
1334,2368,5,1970,1970,1970.0,1,765,0,7,1365,440,2,125000
1335,9650,6,1977,1977,1977.0,2,1350,1,6,1334,630,2,167900
1336,9246,5,1973,1973,1973.0,2,1656,0,8,1656,506,2,135000
1338,13450,7,2002,2002,2002.0,2,916,0,8,1861,492,2,200000
1339,9560,5,1972,1972,1972.0,1,864,0,5,864,288,1,128500
1340,8294,4,1971,1971,1974.0,1,858,0,5,872,480,4,123000
1341,13695,6,2003,2004,2004.0,1,1114,0,6,1114,576,2,155000
1342,9375,8,2002,2002,2002.0,2,1284,1,7,2169,647,2,228500
1343,7558,6,1928,1950,1929.0,1,896,1,9,1913,342,2,177000
1344,11103,7,2006,2006,2006.0,2,728,1,8,1456,440,2,155835
1345,6000,4,1920,1950,1997.0,1,960,0,5,960,308,1,108500
1346,20781,7,1968,2003,1968.0,2,1568,1,9,2156,508,2,262500
1347,15306,8,2006,2007,2006.0,2,1732,1,7,1776,712,3,283463
1348,16196,7,1998,1998,1998.0,2,1482,1,5,1494,514,2,215000
1350,11643,5,1969,1969,1969.0,2,1248,0,12,2634,968,4,200000
1351,9247,6,1962,1962,1962.0,1,858,1,8,1716,490,2,171000
1352,6000,6,1937,2000,1999.0,1,698,0,4,1176,624,2,134900
1354,10316,7,2000,2000,2000.0,2,992,1,7,1865,839,3,235000
1355,10192,7,1968,1992,1968.0,3,570,1,8,1920,487,2,170000
1356,9477,5,1966,1966,1966.0,1,864,0,5,892,264,1,110000
1357,12537,5,1971,2008,1971.0,1,1078,1,6,1078,500,2,149900
1358,2117,6,2000,2000,2000.0,2,756,0,5,1573,440,2,177500
1359,16737,9,2004,2005,2004.0,2,1980,1,8,1980,770,3,315000
1360,9842,5,1921,1998,1998.0,3,612,0,8,2601,621,2,189000
1361,16158,7,2005,2005,2005.0,2,1530,1,7,1530,430,2,260000
1362,12513,4,1920,2007,1920.0,2,715,1,7,1738,368,1,104900
1363,8499,6,2006,2007,2007.0,2,616,1,6,1412,432,2,156932
1364,3180,7,2005,2005,2005.0,2,600,0,4,1200,480,2,144152
1365,7500,7,2000,2000,2000.0,2,814,0,7,1674,663,2,216000
1366,9179,7,1999,1999,1999.0,2,873,0,7,1790,588,2,193000
1367,2665,5,1977,1977,1977.0,2,757,1,6,1475,336,1,127000
1368,4435,6,2003,2004,2003.0,1,848,0,4,848,420,2,144000
1369,10635,8,2003,2003,2003.0,2,1657,1,8,1668,502,2,232000
1370,5400,4,1920,1950,1967.0,1,840,0,6,1374,338,1,105000
1371,9600,6,1955,1996,1955.0,1,992,1,8,1661,377,1,165500
1372,9750,7,1998,1998,1998.0,2,1108,1,8,2097,583,2,274300
1374,10625,7,2005,2005,2005.0,2,1026,1,9,1958,936,3,250000
1375,10991,8,2007,2007,2007.0,2,1571,1,7,1571,722,3,239000
1376,6292,6,1930,1950,1925.0,1,768,0,4,790,160,1,91000
1377,10998,5,1941,1960,1977.0,2,984,0,6,1604,660,2,117000
1378,1953,6,1973,1973,1973.0,1,483,0,5,987,264,1,83000
1379,9735,5,2006,2007,2007.0,2,384,0,7,1394,400,2,167500
1381,12925,6,1970,1970,1970.0,2,1205,2,7,2117,550,2,237500
1382,7200,7,1920,1950,1989.0,1,596,0,8,1762,576,2,157000
1383,25339,5,1918,2007,2007.0,2,816,0,7,1416,576,2,112000
1384,9060,6,1939,1950,1939.0,1,560,0,6,1258,280,1,105000
1385,5436,4,1922,2007,1922.0,1,796,0,7,1154,240,1,125500
1387,8520,6,1916,1950,1916.0,2,714,1,10,2526,216,1,136000
1388,14892,9,2006,2007,2006.0,2,1746,2,7,1746,758,3,377500
1389,6000,6,1941,1950,2003.0,1,735,1,6,1218,440,2,131000
1390,9100,7,2000,2000,2000.0,2,1525,0,6,1525,541,2,235000
1391,8944,5,1967,1967,1967.0,2,1584,0,8,1584,792,3,124000
1392,7838,5,1967,1967,1967.0,1,864,1,6,900,288,1,123000
1394,4045,7,2006,2006,2006.0,2,1356,1,6,1500,648,3,246578
1395,12665,8,2005,2006,2005.0,2,1094,1,9,2482,642,3,281213
1396,57200,5,1948,1950,1966.0,1,747,2,7,1687,572,2,160000
1397,6120,5,1920,2004,1933.0,1,939,0,8,1513,180,1,137500
1398,7200,5,1950,1982,1950.0,1,1208,0,7,1904,240,1,138000
1399,6171,6,1925,1990,1925.0,2,976,1,7,1608,216,1,137450
1400,6000,6,1929,1950,1929.0,1,862,1,5,1158,208,1,120000
1401,7415,6,2004,2004,2004.0,2,839,1,8,1593,398,2,193000
1402,6762,7,2006,2006,2006.0,2,1286,1,6,1294,662,2,193879
1403,15256,8,2007,2007,2007.0,2,1485,0,6,1464,754,3,282922
1404,10410,3,1915,1950,1998.0,1,672,0,6,1214,936,3,105000
1405,3842,8,2004,2005,2004.0,2,1594,1,5,1646,482,2,275000
1406,8445,5,1972,2007,1988.0,1,768,0,5,768,396,2,133000
1407,8780,5,1985,1985,1978.5061638868744,1,833,0,5,833,0,0,112000
1408,7740,4,1910,1950,1966.0,1,622,0,6,1363,528,2,125500
1409,20544,7,1986,1991,1986.0,2,791,1,7,2093,542,2,215000
1410,12420,7,2001,2001,2001.0,2,944,0,6,1840,622,2,230000
1411,9600,6,1950,2005,1950.0,1,856,0,6,1668,271,1,140000
1413,10994,8,2005,2006,2005.0,2,1844,1,7,1844,620,2,257000
1414,13053,6,1923,2000,1922.0,1,833,1,8,1848,370,2,207000
1415,3635,7,2007,2007,2007.0,2,1386,1,7,1569,660,3,175900
1417,16545,8,1998,1998,1998.0,2,1284,1,7,2450,1069,3,340000
1418,9204,5,1963,1963,1962.0,1,1144,0,6,1144,336,1,124000
1419,16381,6,1969,1969,1969.0,2,1844,1,7,1844,540,2,223000
1420,11700,6,1968,1968,1968.0,2,708,1,7,1416,776,2,179900
1421,4043,6,1977,1977,1977.0,2,1069,1,4,1069,440,2,127500
1422,4435,6,2003,2003,2003.0,1,848,0,3,848,420,2,136500
1423,19690,6,1966,1966,1966.0,2,697,1,8,2201,432,2,274970
1424,9503,5,1958,1983,1970.0,1,1024,1,6,1344,484,1,144000
1425,10721,6,1959,1959,1960.0,1,1252,0,7,1252,528,2,142000
1426,10944,7,1994,1994,1994.0,2,1223,2,5,2127,525,2,271000
1427,10930,5,1945,1950,1962.0,1,913,1,6,1558,288,1,140000
1428,7200,5,1940,1992,1940.0,1,788,2,4,804,240,1,119000
1429,12546,6,1981,1981,1981.0,2,1440,1,7,1440,467,2,182900
1430,21930,5,2005,2005,2005.0,2,732,1,7,1838,372,2,192140
1431,4928,6,1976,1976,1976.0,2,958,0,5,958,440,2,143750
1432,10800,4,1927,2007,1928.0,2,656,0,5,968,216,1,64500
1433,10261,6,2000,2000,2000.0,2,936,1,8,1792,451,2,186500
1434,17400,5,1977,1977,1977.0,2,1126,1,5,1126,484,2,160000
1435,8400,6,1962,2005,1962.0,1,1319,1,7,1537,462,2,174000
1436,9000,4,1971,1971,1974.0,1,864,0,5,864,528,2,120500
1437,12444,8,2008,2008,2008.0,2,1932,1,7,1932,774,3,394617
1438,7407,6,1957,1996,1957.0,1,912,0,6,1236,923,2,149700
1439,11584,7,1979,1979,1979.0,2,539,1,6,1725,550,2,197000
1440,11526,6,1922,1994,1993.0,2,588,1,11,2555,672,2,191000
1441,4426,6,2004,2004,2004.0,1,848,1,3,848,420,2,149300
1442,11003,10,2008,2008,2008.0,2,1017,1,10,2007,812,3,310000
1443,8854,6,1916,1950,1916.0,1,952,1,4,952,192,1,121000
1444,8500,7,2004,2004,2004.0,2,1422,0,7,1422,626,2,179600
1445,8400,6,1966,1966,1990.0,1,814,0,6,913,240,1,129000
1446,26142,5,1962,1962,1962.0,1,1188,0,6,1188,312,1,157900
1447,10000,8,1995,1996,1995.0,2,1220,1,8,2090,556,2,240000
1448,11767,4,1910,2000,1950.0,1,560,0,6,1346,384,1,112000
1449,1533,5,1970,1970,1978.5061638868744,1,630,0,3,630,0,0,92000
1450,9000,5,1974,1974,1978.5061638868744,2,896,0,8,1792,0,0,136000
1451,9262,8,2008,2009,2008.0,2,1573,1,7,1578,840,3,287090
1452,3675,5,2005,2005,2005.0,1,547,0,5,1072,525,2,145000
1453,17217,5,2006,2006,1978.5061638868744,1,1140,0,6,1140,0,0,84500
1454,7500,7,2004,2005,2004.0,2,1221,0,6,1221,400,2,185000
1455,7917,6,1999,2000,1999.0,2,953,1,7,1647,460,2,175000
1456,13175,6,1978,1988,1978.0,2,1542,2,7,2073,500,2,210000
1457,9042,7,1941,2006,1941.0,2,1152,2,9,2340,252,1,266500
1458,9717,5,1950,1996,1950.0,1,1078,0,5,1078,240,1,142125
1459,9937,5,1965,1965,1965.0,1,1256,0,6,1256,276,1,147500
